port_code,date,waste_volume_collected_m3,predicted_volume_m3
ALE,2025-07-01,1621.4,1488.1073
ALE,2025-07-02,1482.7,1446.657
ALE,2025-07-03,1773.5,1452.35
ALE,2025-07-04,1519.8,1633.615
ALE,2025-07-05,1116.5,1154.634
ALE,2025-07-06,1342.5,1274.2347
ALE,2025-07-07,1616.4,1660.4354
ALE,2025-07-08,1445.1,1445.2767
ALE,2025-07-09,1678.8,1487.5865
ALE,2025-07-10,1638.5,1457.3246
ALE,2025-07-11,1490.3,1362.2682
ALE,2025-07-12,1430.7,1223.7788
ALE,2025-07-13,1167.1,1064.1309
ALE,2025-07-14,1705.0,1582.8793
ALE,2025-07-15,1486.5,1475.2386
ALE,2025-07-16,1522.7,1608.0381
ALE,2025-07-17,1528.7,1482.4048
ALE,2025-07-18,1247.6,1349.4835
ALE,2025-07-19,1297.2,1215.0952
ALE,2025-07-20,989.0,1080.2654
ALE,2025-07-21,1363.6,1521.9255
ALE,2025-07-22,1318.2,1413.8873
ALE,2025-07-23,1763.1,1570.4656
ALE,2025-07-24,1498.7,1410.1375
ALE,2025-07-25,1560.8,1453.6019
ALE,2025-07-26,1294.1,1149.1552
ALE,2025-07-27,1197.5,1271.9025
ALE,2025-07-28,1571.8,1559.6154
ALE,2025-07-29,1549.4,1438.2
ALE,2025-07-30,1435.3,1435.9866
ALE,2025-07-31,1339.9,1452.216
ALE,2025-08-01,1259.4,1373.9196
ALE,2025-08-02,1181.5,1164.2212
ALE,2025-08-03,1066.5,1037.5231
ALE,2025-08-04,1232.1,1371.4503
ALE,2025-08-05,1424.0,1392.4705
ALE,2025-08-06,1329.7,1398.1356
ALE,2025-08-07,1320.7,1433.203
ALE,2025-08-08,1316.2,1437.8762
ALE,2025-08-09,1141.2,1110.3595
ALE,2025-08-10,1178.6,1062.336
ALE,2025-08-11,1427.6,1378.6025
ALE,2025-08-12,1449.7,1441.2843
ALE,2025-08-13,1354.6,1399.2323
ALE,2025-08-14,1632.1,1507.5011
ALE,2025-08-15,1181.1,1297.5042
ALE,2025-08-16,1168.5,1149.0828
ALE,2025-08-17,1021.1,1085.084
ALE,2025-08-18,1506.5,1505.0785
ALE,2025-08-19,1315.2,1375.6926
ALE,2025-08-20,1445.0,1419.3964
ALE,2025-08-21,1229.0,1277.9276
ALE,2025-08-22,1461.4,1350.1403
ALE,2025-08-23,1040.6,1050.8611
ALE,2025-08-24,1159.0,1119.9502
ALE,2025-08-25,1392.0,1399.4065
ALE,2025-08-26,1498.1,1350.3674
ALE,2025-08-27,1449.1,1435.9364
ALE,2025-08-28,1281.3,1310.4032
ALE,2025-08-29,1523.0,1485.1049
ALE,2025-08-30,1037.1,1047.0317
ALE,2025-08-31,1056.1,1020.81354
ALE,2025-09-01,1241.0,1269.2946
ALE,2025-09-02,1128.5,1185.9034
ALE,2025-09-03,1163.1,1207.0554
ALE,2025-09-04,1082.5,1221.494
ALE,2025-09-05,1403.4,1309.3185
ALE,2025-09-06,1062.6,1009.3645
ALE,2025-09-07,1000.6,959.637
ALE,2025-09-08,1182.4,1238.5273
ALE,2025-09-09,1069.7,1182.1115
ALE,2025-09-10,1177.0,1214.283
ALE,2025-09-11,1157.4,1185.2078
ALE,2025-09-12,1083.8,1123.479
ALE,2025-09-13,1114.4,1018.8377
ALE,2025-09-14,801.3,886.3917
ALE,2025-09-15,1095.7,1229.0143
ALE,2025-09-16,1264.8,1220.8447
ALE,2025-09-17,1202.9,1247.6989
ALE,2025-09-18,1090.2,1144.772
ALE,2025-09-19,1188.5,1259.3068
ALE,2025-09-20,1163.8,1051.1626
ALE,2025-09-21,1029.8,966.6986
ALE,2025-09-22,1184.8,1223.3743
ALE,2025-09-23,1192.5,1227.317
ALE,2025-09-24,1143.4,1156.5989
ALE,2025-09-25,1102.1,1160.9587
ALE,2025-09-26,1230.4,1225.4539
ALE,2025-09-27,1044.3,982.6214
ALE,2025-09-28,752.5,788.20953
ALE,2025-09-29,1253.9,1243.9806
ALE,2025-09-30,1089.9,1128.9406
ALE,2025-10-01,826.5,995.06604
ALE,2025-10-02,961.7,1003.8485
ALE,2025-10-03,741.7,843.4502
ALE,2025-10-04,807.3,803.16864
ALE,2025-10-05,801.0,728.8415
ALE,2025-10-06,840.1,962.73596
ALE,2025-10-07,913.3,904.39
ALE,2025-10-08,858.6,900.94916
ALE,2025-10-09,899.2,877.4721
ALE,2025-10-10,1012.3,963.7266
ALE,2025-10-11,805.3,843.8376
ALE,2025-10-12,666.9,707.1492
ALE,2025-10-13,993.9,1014.64325
ALE,2025-10-14,938.6,872.10626
ALE,2025-10-15,1042.7,1006.57324
ALE,2025-10-16,792.7,861.4342
ALE,2025-10-17,828.1,867.4807
ALE,2025-10-18,854.8,818.21173
ALE,2025-10-19,701.1,709.0686
ALE,2025-10-20,960.7,1050.1592
ALE,2025-10-21,975.4,975.7418
ALE,2025-10-22,972.4,903.05994
ALE,2025-10-23,873.3,857.6739
ALE,2025-10-24,992.3,984.7648
ALE,2025-10-25,747.8,751.52673
ALE,2025-10-26,837.0,799.23627
ALE,2025-10-27,938.8,968.3951
ALE,2025-10-28,912.1,848.23975
ALE,2025-10-29,1056.7,1000.4723
ALE,2025-10-30,1032.5,929.1961
ALE,2025-10-31,1001.3,978.8981
ALE,2025-11-01,577.6,570.1549
ALE,2025-11-02,521.4,510.85547
ALE,2025-11-03,819.8,827.5396
ALE,2025-11-04,670.1,699.01215
ALE,2025-11-05,736.2,771.538
ALE,2025-11-06,632.6,743.5321
ALE,2025-11-07,777.4,757.7458
ALE,2025-11-08,634.6,650.9867
ALE,2025-11-09,482.1,546.7928
ALE,2025-11-10,770.0,799.7555
ALE,2025-11-11,730.9,707.0277
ALE,2025-11-12,676.6,722.49274
ALE,2025-11-13,747.3,743.4777
ALE,2025-11-14,855.7,766.0499
ALE,2025-11-15,646.7,623.5344
ALE,2025-11-16,588.9,598.66833
ALE,2025-11-17,791.6,772.0707
ALE,2025-11-18,654.3,696.0273
ALE,2025-11-19,928.2,815.2648
ALE,2025-11-20,763.7,807.36096
ALE,2025-11-21,735.5,770.08496
ALE,2025-11-22,661.9,615.3187
ALE,2025-11-23,526.9,555.83374
ALE,2025-11-24,834.5,768.61316
ALE,2025-11-25,794.0,769.69934
ALE,2025-11-26,726.8,758.4343
ALE,2025-11-27,805.7,761.98834
ALE,2025-11-28,808.3,763.83673
ALE,2025-11-29,685.6,671.6684
ALE,2025-11-30,604.8,599.30457
ALE,2025-12-01,695.4,778.20544
ALE,2025-12-02,724.6,704.38324
ALE,2025-12-03,748.6,771.1622
ALE,2025-12-04,716.7,758.99536
ALE,2025-12-05,762.6,725.8753
ALE,2025-12-06,569.8,577.7144
ALE,2025-12-07,489.4,529.72485
ALE,2025-12-08,825.9,804.4801
ALE,2025-12-09,802.0,749.975
ALE,2025-12-10,759.6,725.9574
ALE,2025-12-11,815.8,739.20374
ALE,2025-12-12,732.0,737.54034
ALE,2025-12-13,684.6,696.63654
ALE,2025-12-14,477.1,462.57318
ALE,2025-12-15,827.9,756.6789
ALE,2025-12-16,697.7,695.50806
ALE,2025-12-17,645.9,718.2503
ALE,2025-12-18,705.3,672.89417
ALE,2025-12-19,702.7,681.174
ALE,2025-12-20,650.2,619.6396
ALE,2025-12-21,557.5,545.9536
ALE,2025-12-22,796.8,780.59796
ALE,2025-12-23,771.0,744.8136
ALE,2025-12-24,767.4,792.9605
ALE,2025-12-25,806.7,738.48944
ALE,2025-12-26,668.9,711.7656
ALE,2025-12-27,564.6,589.7298
ALE,2025-12-28,508.7,548.4029
ALE,2025-12-29,583.8,694.54114
ALE,2025-12-30,793.6,745.2251
ALE,2025-12-31,719.5,754.2964
ALE,2026-01-01,771.9,689.9711
ALE,2026-01-02,818.2,775.6653
ALE,2026-01-03,603.0,611.9055
ALE,2026-01-04,558.6,567.3592
ALE,2026-01-05,781.7,723.96216
ALE,2026-01-06,707.9,723.1368
ALE,2026-01-07,735.1,722.20935
ALE,2026-01-08,714.9,732.9773
ALE,2026-01-09,803.1,728.8761
ALE,2026-01-10,586.2,600.6896
ALE,2026-01-11,539.6,519.9845
ALE,2026-01-12,783.1,765.66144
ALE,2026-01-13,715.5,732.2273
ALE,2026-01-14,670.4,712.58453
ALE,2026-01-15,667.1,647.8077
ALE,2026-01-16,644.4,684.5401
ALE,2026-01-17,616.2,679.89215
ALE,2026-01-18,536.2,568.604
ALE,2026-01-19,823.1,777.676
ALE,2026-01-20,715.0,720.16046
ALE,2026-01-21,805.0,748.63947
ALE,2026-01-22,715.9,722.1206
ALE,2026-01-23,668.8,710.4533
ALE,2026-01-24,596.1,628.34625
ALE,2026-01-25,574.9,553.209
ALE,2026-01-26,688.4,712.5697
ALE,2026-01-27,788.2,734.0135
ALE,2026-01-28,806.0,755.3053
ALE,2026-01-29,719.5,725.11475
ALE,2026-01-30,751.7,684.76215
ALE,2026-01-31,649.8,601.13196
ALE,2026-02-01,432.1,483.5415
ALE,2026-02-02,793.1,802.00616
ALE,2026-02-03,835.8,763.52014
ALE,2026-02-04,694.4,745.28625
ALE,2026-02-05,713.9,734.8116
ALE,2026-02-06,718.2,731.6535
ALE,2026-02-07,786.9,706.9251
ALE,2026-02-08,557.4,591.77563
ALE,2026-02-09,805.2,792.0248
ALE,2026-02-10,630.3,691.7664
ALE,2026-02-11,671.1,727.80316
ALE,2026-02-12,784.5,781.51404
ALE,2026-02-13,728.3,747.00836
ALE,2026-02-14,584.2,623.33026
ALE,2026-02-15,552.2,581.2959
ALE,2026-02-16,766.6,754.91693
ALE,2026-02-17,730.1,684.25635
ALE,2026-02-18,763.1,725.5015
ALE,2026-02-19,713.2,746.8695
ALE,2026-02-20,684.4,728.06757
ALE,2026-02-21,585.9,562.246
ALE,2026-02-22,524.5,554.8028
ALE,2026-02-23,728.7,768.0395
ALE,2026-02-24,757.5,745.6062
ALE,2026-02-25,666.1,762.10254
ALE,2026-02-26,664.1,679.934
ALE,2026-02-27,858.8,761.80804
ALE,2026-02-28,571.2,647.21857
ALE,2026-03-01,755.2,717.6767
ALE,2026-03-02,925.3,912.81067
ALE,2026-03-03,883.8,895.5719
ALE,2026-03-04,784.1,778.97504
ALE,2026-03-05,893.5,906.48645
ALE,2026-03-06,725.5,824.7294
ALE,2026-03-07,685.3,763.015
ALE,2026-03-08,690.1,701.8189
ALE,2026-03-09,950.0,963.2419
ALE,2026-03-10,987.5,878.7086
ALE,2026-03-11,930.5,949.7896
ALE,2026-03-12,777.3,915.8714
ALE,2026-03-13,849.8,836.93195
ALE,2026-03-14,636.0,697.2907
ALE,2026-03-15,688.0,695.0404
ALE,2026-03-16,766.7,889.1181
ALE,2026-03-17,879.8,872.7303
ALE,2026-03-18,1037.7,1007.5856
ALE,2026-03-19,916.9,880.907
ALE,2026-03-20,810.0,914.4317
ALE,2026-03-21,781.3,751.0743
ALE,2026-03-22,643.7,708.25653
ALE,2026-03-23,836.7,885.75464
ALE,2026-03-24,831.1,870.8389
ALE,2026-03-25,916.2,890.0313
ALE,2026-03-26,857.5,838.29926
ALE,2026-03-27,837.6,833.0968
ALE,2026-03-28,815.8,823.5999
ALE,2026-03-29,777.6,748.67224
ALE,2026-03-30,863.7,919.93823
ALE,2026-03-31,771.8,892.8808
ALE,2026-04-01,1172.2,1154.8892
ALE,2026-04-02,1031.0,1126.6218
ALE,2026-04-03,1082.2,1109.4072
ALE,2026-04-04,955.0,954.74164
ALE,2026-04-05,859.7,875.6819
ALE,2026-04-06,1216.0,1157.6523
ALE,2026-04-07,1412.5,1151.1631
ALE,2026-04-08,1396.1,1274.7238
ALE,2026-04-09,1154.2,1133.8508
ALE,2026-04-10,1190.1,1193.2428
ALE,2026-04-11,879.1,889.90967
ALE,2026-04-12,720.9,793.2011
ALE,2026-04-13,1084.7,1111.0009
ALE,2026-04-14,1187.3,1140.3802
ALE,2026-04-15,1151.4,1123.6182
ALE,2026-04-16,1080.1,995.6745
ALE,2026-04-17,1181.5,1178.7429
ALE,2026-04-18,914.4,862.88477
ALE,2026-04-19,919.8,821.1968
ALE,2026-04-20,1201.1,1189.4998
ALE,2026-04-21,1233.3,1088.7103
ALE,2026-04-22,1201.1,1035.4242
ALE,2026-04-23,1267.0,1191.4335
ALE,2026-04-24,1240.2,1207.7072
ALE,2026-04-25,925.8,979.5885
ALE,2026-04-26,875.1,891.60004
ALE,2026-04-27,1058.1,1142.1207
ALE,2026-04-28,1018.5,1080.5563
ALE,2026-04-29,1289.9,1274.4768
ALE,2026-04-30,1231.7,1158.696
ALE,2026-05-01,1286.7,1278.9766
ALE,2026-05-02,1167.9,1093.8063
ALE,2026-05-03,1101.4,981.49585
ALE,2026-05-04,1428.0,1447.1046
ALE,2026-05-05,1469.2,1376.5209
ALE,2026-05-06,1455.7,1480.3469
ALE,2026-05-07,1417.3,1422.2126
ALE,2026-05-08,1619.7,1439.0151
ALE,2026-05-09,1168.9,1178.3501
ALE,2026-05-10,994.0,992.4682
ALE,2026-05-11,1517.5,1479.6417
ALE,2026-05-12,1513.4,1366.4751
ALE,2026-05-13,1484.0,1423.7698
ALE,2026-05-14,1477.9,1455.397
ALE,2026-05-15,1157.4,1224.5087
ALE,2026-05-16,1275.9,1245.7045
ALE,2026-05-17,1145.3,1128.1584
ALE,2026-05-18,1169.0,1339.291
ALE,2026-05-19,1504.0,1371.3824
ALE,2026-05-20,1302.6,1287.6202
ALE,2026-05-21,1467.2,1451.2268
ALE,2026-05-22,1336.9,1352.5343
ALE,2026-05-23,1335.6,1182.2538
ALE,2026-05-24,954.7,1059.4059
ALE,2026-05-25,1321.5,1319.3458
ALE,2026-05-26,1277.9,1323.1078
ALE,2026-05-27,1215.0,1196.9758
ALE,2026-05-28,1357.0,1405.8055
ALE,2026-05-29,1393.2,1401.7688
ALE,2026-05-30,1255.7,1223.5503
ALE,2026-05-31,929.5,989.23663
ALG,2025-07-01,1431.5,1241.8586
ALG,2025-07-02,1380.1,1386.338
ALG,2025-07-03,1409.3,1299.71
ALG,2025-07-04,1568.8,1438.8555
ALG,2025-07-05,1307.4,1184.7648
ALG,2025-07-06,916.3,971.99963
ALG,2025-07-07,1373.3,1448.3944
ALG,2025-07-08,1512.7,1480.9797
ALG,2025-07-09,1287.2,1349.234
ALG,2025-07-10,1398.0,1423.6385
ALG,2025-07-11,1400.8,1441.8169
ALG,2025-07-12,1220.3,1168.0707
ALG,2025-07-13,909.7,927.78186
ALG,2025-07-14,1327.9,1365.1991
ALG,2025-07-15,1526.0,1410.5939
ALG,2025-07-16,1344.6,1353.807
ALG,2025-07-17,1371.0,1405.3656
ALG,2025-07-18,1310.5,1322.9948
ALG,2025-07-19,1079.6,1083.2656
ALG,2025-07-20,1022.2,1071.317
ALG,2025-07-21,1353.2,1393.195
ALG,2025-07-22,1302.7,1312.6694
ALG,2025-07-23,1345.2,1297.4678
ALG,2025-07-24,1398.5,1401.1494
ALG,2025-07-25,1483.9,1423.2412
ALG,2025-07-26,1204.9,1197.5938
ALG,2025-07-27,1018.4,1047.8759
ALG,2025-07-28,1271.8,1429.0323
ALG,2025-07-29,1406.6,1340.0784
ALG,2025-07-30,1525.5,1419.0483
ALG,2025-07-31,1668.1,1523.1089
ALG,2025-08-01,1501.7,1485.9592
ALG,2025-08-02,1180.3,1172.2914
ALG,2025-08-03,1057.6,1036.8046
ALG,2025-08-04,1417.7,1446.5938
ALG,2025-08-05,1506.9,1419.1704
ALG,2025-08-06,1785.9,1539.7893
ALG,2025-08-07,1295.6,1357.8073
ALG,2025-08-08,1479.4,1434.6959
ALG,2025-08-09,1144.4,1123.2358
ALG,2025-08-10,1103.6,1116.8674
ALG,2025-08-11,1343.2,1464.1111
ALG,2025-08-12,1531.7,1453.3619
ALG,2025-08-13,1238.1,1367.6958
ALG,2025-08-14,1258.4,1296.1517
ALG,2025-08-15,1437.7,1404.2198
ALG,2025-08-16,1278.4,1188.527
ALG,2025-08-17,1113.6,1024.6794
ALG,2025-08-18,1441.0,1409.6727
ALG,2025-08-19,1301.0,1376.8173
ALG,2025-08-20,1334.5,1413.2015
ALG,2025-08-21,1514.9,1473.0375
ALG,2025-08-22,1320.3,1276.1709
ALG,2025-08-23,1106.0,1115.4712
ALG,2025-08-24,1082.8,1077.3442
ALG,2025-08-25,1383.9,1513.8596
ALG,2025-08-26,1359.7,1343.4905
ALG,2025-08-27,1669.7,1537.3042
ALG,2025-08-28,1253.7,1353.5938
ALG,2025-08-29,1257.8,1332.2908
ALG,2025-08-30,1298.5,1311.3927
ALG,2025-08-31,1121.1,1098.2263
ALG,2025-09-01,1588.5,1567.5305
ALG,2025-09-02,1530.2,1363.5151
ALG,2025-09-03,1354.0,1297.7256
ALG,2025-09-04,1379.0,1507.2936
ALG,2025-09-05,1632.1,1537.1824
ALG,2025-09-06,1245.6,1172.3212
ALG,2025-09-07,1082.7,1082.3048
ALG,2025-09-08,1482.2,1460.4536
ALG,2025-09-09,1419.2,1407.5085
ALG,2025-09-10,1485.2,1438.3372
ALG,2025-09-11,1318.6,1341.0977
ALG,2025-09-12,1572.9,1391.2606
ALG,2025-09-13,1140.6,1162.2325
ALG,2025-09-14,1214.1,1155.0057
ALG,2025-09-15,1311.7,1420.8125
ALG,2025-09-16,1417.2,1341.4628
ALG,2025-09-17,1438.1,1442.4647
ALG,2025-09-18,1393.0,1406.778
ALG,2025-09-19,1462.2,1476.9552
ALG,2025-09-20,1226.9,1183.7504
ALG,2025-09-21,950.5,1056.0398
ALG,2025-09-22,1346.7,1506.1714
ALG,2025-09-23,1425.9,1421.1183
ALG,2025-09-24,1519.5,1408.6244
ALG,2025-09-25,1565.3,1438.309
ALG,2025-09-26,1510.3,1508.5317
ALG,2025-09-27,1131.1,1169.3568
ALG,2025-09-28,1168.1,1177.5936
ALG,2025-09-29,1201.4,1376.7156
ALG,2025-09-30,1442.8,1399.4269
ALG,2025-10-01,1293.3,1403.4973
ALG,2025-10-02,1232.6,1283.2166
ALG,2025-10-03,1591.2,1448.9154
ALG,2025-10-04,1023.2,1127.0111
ALG,2025-10-05,975.8,1067.5874
ALG,2025-10-06,1315.5,1452.3812
ALG,2025-10-07,1436.8,1384.5369
ALG,2025-10-08,1589.1,1548.824
ALG,2025-10-09,1465.2,1401.0934
ALG,2025-10-10,1335.4,1379.3445
ALG,2025-10-11,1186.3,1140.3639
ALG,2025-10-12,1068.1,1114.0254
ALG,2025-10-13,1552.1,1493.3367
ALG,2025-10-14,1224.1,1386.0513
ALG,2025-10-15,1306.4,1343.756
ALG,2025-10-16,1710.6,1532.0065
ALG,2025-10-17,1542.5,1458.8802
ALG,2025-10-18,1204.9,1207.8401
ALG,2025-10-19,1070.8,1089.4401
ALG,2025-10-20,1559.4,1534.1226
ALG,2025-10-21,1188.8,1202.1292
ALG,2025-10-22,1177.7,1377.9437
ALG,2025-10-23,1342.8,1401.5723
ALG,2025-10-24,1203.3,1333.0652
ALG,2025-10-25,1204.9,1195.0492
ALG,2025-10-26,1023.4,1011.52606
ALG,2025-10-27,1461.2,1507.423
ALG,2025-10-28,1567.1,1445.7999
ALG,2025-10-29,1479.5,1432.924
ALG,2025-10-30,1467.7,1401.3319
ALG,2025-10-31,1248.9,1309.7229
ALG,2025-11-01,1117.2,1094.3385
ALG,2025-11-02,991.6,1071.03
ALG,2025-11-03,1328.6,1393.0277
ALG,2025-11-04,1329.4,1380.3242
ALG,2025-11-05,1263.9,1258.6587
ALG,2025-11-06,1259.6,1279.85
ALG,2025-11-07,1470.4,1419.2216
ALG,2025-11-08,1173.6,1215.4589
ALG,2025-11-09,1065.7,1061.8539
ALG,2025-11-10,1476.2,1558.0272
ALG,2025-11-11,1148.6,1216.7633
ALG,2025-11-12,1291.5,1264.1115
ALG,2025-11-13,1368.6,1460.2902
ALG,2025-11-14,1306.7,1452.0863
ALG,2025-11-15,1165.4,1267.353
ALG,2025-11-16,989.2,1014.9707
ALG,2025-11-17,1280.8,1438.3102
ALG,2025-11-18,1419.5,1279.244
ALG,2025-11-19,1446.7,1397.7732
ALG,2025-11-20,1186.4,1395.8319
ALG,2025-11-21,1401.1,1508.7633
ALG,2025-11-22,1279.6,1156.0399
ALG,2025-11-23,1034.1,1052.4299
ALG,2025-11-24,1440.2,1541.4185
ALG,2025-11-25,1391.9,1342.1147
ALG,2025-11-26,1271.6,1448.5515
ALG,2025-11-27,1400.0,1355.2152
ALG,2025-11-28,1382.3,1371.0948
ALG,2025-11-29,1285.4,1208.5419
ALG,2025-11-30,1068.7,1056.334
ALG,2025-12-01,1207.0,1377.5531
ALG,2025-12-02,1309.3,1262.9384
ALG,2025-12-03,1284.9,1277.993
ALG,2025-12-04,1223.3,1203.4337
ALG,2025-12-05,1133.2,1229.867
ALG,2025-12-06,942.0,995.1974
ALG,2025-12-07,953.8,976.5218
ALG,2025-12-08,1376.8,1407.0242
ALG,2025-12-09,1348.7,1257.0306
ALG,2025-12-10,1215.5,1367.9396
ALG,2025-12-11,1114.0,1162.307
ALG,2025-12-12,1441.4,1396.2462
ALG,2025-12-13,1077.0,1087.555
ALG,2025-12-14,933.3,1024.9636
ALG,2025-12-15,1214.1,1326.5734
ALG,2025-12-16,1387.4,1268.6742
ALG,2025-12-17,1424.9,1450.9609
ALG,2025-12-18,1267.0,1294.9315
ALG,2025-12-19,1215.7,1205.4669
ALG,2025-12-20,1182.1,1130.3666
ALG,2025-12-21,927.9,1023.51746
ALG,2025-12-22,1394.5,1413.302
ALG,2025-12-23,1337.7,1254.5056
ALG,2025-12-24,1351.3,1338.0414
ALG,2025-12-25,1265.2,1249.4781
ALG,2025-12-26,1339.1,1299.2953
ALG,2025-12-27,1190.8,1156.201
ALG,2025-12-28,997.9,940.17834
ALG,2025-12-29,1385.9,1413.4069
ALG,2025-12-30,1123.8,1206.046
ALG,2025-12-31,1323.7,1280.8207
ALG,2026-01-01,1138.8,1154.5079
ALG,2026-01-02,1015.6,1053.0328
ALG,2026-01-03,934.8,967.9368
ALG,2026-01-04,926.0,930.7537
ALG,2026-01-05,1073.7,1232.4921
ALG,2026-01-06,998.6,1073.7045
ALG,2026-01-07,1436.6,1321.0972
ALG,2026-01-08,1343.2,1304.675
ALG,2026-01-09,1307.7,1293.2202
ALG,2026-01-10,1221.2,1155.6201
ALG,2026-01-11,859.2,929.2497
ALG,2026-01-12,1227.4,1198.4049
ALG,2026-01-13,1337.2,1251.6329
ALG,2026-01-14,1186.8,1181.5111
ALG,2026-01-15,1255.5,1256.8362
ALG,2026-01-16,1117.7,1165.3599
ALG,2026-01-17,878.1,1003.801
ALG,2026-01-18,905.0,946.6859
ALG,2026-01-19,1201.2,1337.5771
ALG,2026-01-20,1071.7,1207.3914
ALG,2026-01-21,1227.5,1280.8424
ALG,2026-01-22,1330.9,1266.7092
ALG,2026-01-23,1306.3,1328.2244
ALG,2026-01-24,936.3,987.7667
ALG,2026-01-25,990.9,988.6569
ALG,2026-01-26,1206.2,1235.4547
ALG,2026-01-27,1182.9,1230.2565
ALG,2026-01-28,1223.5,1178.7251
ALG,2026-01-29,1266.6,1182.7656
ALG,2026-01-30,1158.4,1192.2546
ALG,2026-01-31,1119.9,1052.8706
ALG,2026-02-01,932.3,907.20197
ALG,2026-02-02,1041.8,1167.2465
ALG,2026-02-03,1113.7,1121.2166
ALG,2026-02-04,1280.9,1227.7577
ALG,2026-02-05,1321.4,1175.9541
ALG,2026-02-06,1181.2,1191.8387
ALG,2026-02-07,858.1,894.19995
ALG,2026-02-08,813.4,832.43036
ALG,2026-02-09,1301.8,1258.1392
ALG,2026-02-10,1125.3,1193.3567
ALG,2026-02-11,1039.0,1171.5182
ALG,2026-02-12,1222.7,1152.7906
ALG,2026-02-13,1243.4,1187.8251
ALG,2026-02-14,987.9,1061.5216
ALG,2026-02-15,771.4,855.2192
ALG,2026-02-16,1150.7,1167.7054
ALG,2026-02-17,1173.9,1174.7406
ALG,2026-02-18,1281.9,1264.529
ALG,2026-02-19,1399.3,1240.2365
ALG,2026-02-20,1212.4,1236.5725
ALG,2026-02-21,889.1,982.38776
ALG,2026-02-22,986.6,919.73083
ALG,2026-02-23,1305.7,1256.3889
ALG,2026-02-24,1091.0,1170.012
ALG,2026-02-25,1112.4,1092.6737
ALG,2026-02-26,1073.3,1140.6852
ALG,2026-02-27,992.4,1031.6138
ALG,2026-02-28,1074.4,958.4596
ALG,2026-03-01,973.3,971.4004
ALG,2026-03-02,1093.5,1241.4498
ALG,2026-03-03,1177.2,1166.9294
ALG,2026-03-04,1097.0,1119.5768
ALG,2026-03-05,1148.2,1107.0757
ALG,2026-03-06,1046.1,1156.7744
ALG,2026-03-07,896.7,972.6823
ALG,2026-03-08,861.2,886.5687
ALG,2026-03-09,1349.9,1215.0258
ALG,2026-03-10,1252.3,1131.418
ALG,2026-03-11,1159.8,1132.9962
ALG,2026-03-12,1187.1,1166.1692
ALG,2026-03-13,1095.1,1099.972
ALG,2026-03-14,944.8,970.3601
ALG,2026-03-15,1001.7,975.1856
ALG,2026-03-16,994.5,1086.9435
ALG,2026-03-17,1159.1,1194.5347
ALG,2026-03-18,962.9,1061.2753
ALG,2026-03-19,1148.7,1206.3307
ALG,2026-03-20,1250.8,1254.5339
ALG,2026-03-21,1052.7,978.679
ALG,2026-03-22,802.8,828.8659
ALG,2026-03-23,998.4,1160.7677
ALG,2026-03-24,1158.9,1059.854
ALG,2026-03-25,1030.9,1098.7178
ALG,2026-03-26,1322.9,1268.7334
ALG,2026-03-27,1174.8,1071.7007
ALG,2026-03-28,1028.6,1058.3617
ALG,2026-03-29,1046.5,921.149
ALG,2026-03-30,1047.2,1217.1837
ALG,2026-03-31,1124.0,1087.1309
ALG,2026-04-01,1206.6,1137.7461
ALG,2026-04-02,1177.3,1150.5194
ALG,2026-04-03,1428.7,1285.7441
ALG,2026-04-04,916.9,961.29016
ALG,2026-04-05,1081.5,1008.73346
ALG,2026-04-06,1162.7,1173.9365
ALG,2026-04-07,1128.1,1117.8464
ALG,2026-04-08,1284.3,1293.766
ALG,2026-04-09,1310.9,1320.4738
ALG,2026-04-10,1252.5,1213.7572
ALG,2026-04-11,914.0,946.90845
ALG,2026-04-12,908.6,953.02936
ALG,2026-04-13,1282.2,1275.2405
ALG,2026-04-14,1212.1,1221.9994
ALG,2026-04-15,1467.8,1240.498
ALG,2026-04-16,1336.0,1359.0874
ALG,2026-04-17,1268.8,1223.3961
ALG,2026-04-18,1034.2,1006.4748
ALG,2026-04-19,933.1,954.9262
ALG,2026-04-20,1310.5,1326.0884
ALG,2026-04-21,1213.3,1213.6577
ALG,2026-04-22,1245.6,1282.2712
ALG,2026-04-23,1139.4,1100.0979
ALG,2026-04-24,1371.2,1281.9242
ALG,2026-04-25,952.2,1019.1042
ALG,2026-04-26,1016.9,1051.7881
ALG,2026-04-27,1299.1,1274.8663
ALG,2026-04-28,1270.5,1129.2548
ALG,2026-04-29,1226.9,1220.2529
ALG,2026-04-30,1106.3,1222.5802
ALG,2026-05-01,1291.2,1254.1477
ALG,2026-05-02,1034.5,1037.5994
ALG,2026-05-03,954.7,943.1919
ALG,2026-05-04,1201.1,1217.4241
ALG,2026-05-05,1148.5,1312.3975
ALG,2026-05-06,1458.9,1285.3269
ALG,2026-05-07,1226.8,1264.4677
ALG,2026-05-08,1149.9,1225.2063
ALG,2026-05-09,1211.1,1148.5443
ALG,2026-05-10,883.0,985.1678
ALG,2026-05-11,1516.2,1323.0988
ALG,2026-05-12,1323.1,1232.5449
ALG,2026-05-13,1180.0,1215.4307
ALG,2026-05-14,1109.8,1146.4705
ALG,2026-05-15,1223.1,1284.2169
ALG,2026-05-16,986.0,1043.652
ALG,2026-05-17,990.8,951.65314
ALG,2026-05-18,1195.9,1271.6221
ALG,2026-05-19,1294.9,1295.0146
ALG,2026-05-20,1073.9,1182.1953
ALG,2026-05-21,1216.9,1227.5374
ALG,2026-05-22,1427.8,1359.5612
ALG,2026-05-23,1079.9,1115.8142
ALG,2026-05-24,1125.1,1068.7238
ALG,2026-05-25,1319.6,1324.816
ALG,2026-05-26,1473.6,1456.5667
ALG,2026-05-27,1227.3,1289.9031
ALG,2026-05-28,1272.4,1254.991
ALG,2026-05-29,1393.2,1341.0038
ALG,2026-05-30,1028.3,1047.7057
ALG,2026-05-31,1035.5,962.22437
BCN,2025-07-01,1128.8,1164.9221
BCN,2025-07-02,1411.9,1302.6951
BCN,2025-07-03,1408.8,1345.8969
BCN,2025-07-04,1228.2,1241.3818
BCN,2025-07-05,1007.6,1010.67474
BCN,2025-07-06,954.0,1011.2456
BCN,2025-07-07,1353.4,1300.8319
BCN,2025-07-08,1278.4,1236.6407
BCN,2025-07-09,1116.6,1129.6554
BCN,2025-07-10,1325.4,1322.2623
BCN,2025-07-11,1245.6,1245.4679
BCN,2025-07-12,1208.8,1063.6943
BCN,2025-07-13,1117.0,1065.2892
BCN,2025-07-14,1238.1,1336.5625
BCN,2025-07-15,1213.1,1246.7919
BCN,2025-07-16,1374.1,1378.0476
BCN,2025-07-17,1333.9,1236.166
BCN,2025-07-18,1326.2,1384.6052
BCN,2025-07-19,1165.6,1167.825
BCN,2025-07-20,947.9,975.72894
BCN,2025-07-21,1439.6,1378.8374
BCN,2025-07-22,1181.7,1230.8853
BCN,2025-07-23,1297.2,1197.062
BCN,2025-07-24,1171.2,1118.2266
BCN,2025-07-25,1252.6,1261.288
BCN,2025-07-26,1151.3,1109.7291
BCN,2025-07-27,938.4,1023.5798
BCN,2025-07-28,1122.6,1331.0876
BCN,2025-07-29,1160.5,1146.7437
BCN,2025-07-30,1234.7,1188.9186
BCN,2025-07-31,1343.8,1301.3981
BCN,2025-08-01,1396.2,1299.8112
BCN,2025-08-02,1122.9,970.2946
BCN,2025-08-03,754.1,824.609
BCN,2025-08-04,1452.6,1269.8069
BCN,2025-08-05,1249.1,1211.3824
BCN,2025-08-06,1068.3,1043.4943
BCN,2025-08-07,1119.3,1018.9
BCN,2025-08-08,1270.1,1162.1604
BCN,2025-08-09,1143.6,1060.4138
BCN,2025-08-10,768.8,915.7888
BCN,2025-08-11,1116.5,1188.651
BCN,2025-08-12,1156.5,1122.0065
BCN,2025-08-13,1169.6,1181.6382
BCN,2025-08-14,1172.3,1141.4478
BCN,2025-08-15,1183.9,1157.7781
BCN,2025-08-16,964.0,954.3648
BCN,2025-08-17,922.7,1003.3224
BCN,2025-08-18,1262.0,1267.0435
BCN,2025-08-19,1320.6,1106.9465
BCN,2025-08-20,1121.0,1091.4652
BCN,2025-08-21,1158.0,1153.4896
BCN,2025-08-22,1105.0,1113.3138
BCN,2025-08-23,986.8,949.85596
BCN,2025-08-24,893.6,871.14246
BCN,2025-08-25,1015.2,1174.9827
BCN,2025-08-26,1185.4,1198.1599
BCN,2025-08-27,1295.1,1188.8544
BCN,2025-08-28,1238.9,1197.6055
BCN,2025-08-29,1219.7,1134.2739
BCN,2025-08-30,1134.9,1004.95233
BCN,2025-08-31,886.1,886.68774
BCN,2025-09-01,1136.8,1155.2471
BCN,2025-09-02,1065.9,1010.2257
BCN,2025-09-03,1118.6,1133.6976
BCN,2025-09-04,1037.6,1170.5941
BCN,2025-09-05,1062.8,1134.6346
BCN,2025-09-06,783.9,859.80664
BCN,2025-09-07,657.4,766.6888
BCN,2025-09-08,1071.3,1143.7394
BCN,2025-09-09,897.2,920.3316
BCN,2025-09-10,973.2,949.42096
BCN,2025-09-11,920.0,948.6594
BCN,2025-09-12,1034.4,1066.3749
BCN,2025-09-13,897.5,881.8861
BCN,2025-09-14,818.7,765.83
BCN,2025-09-15,1136.1,1140.3704
BCN,2025-09-16,1088.0,1042.7065
BCN,2025-09-17,1134.8,1051.0828
BCN,2025-09-18,998.3,1028.4291
BCN,2025-09-19,1148.0,1105.2168
BCN,2025-09-20,794.2,810.4601
BCN,2025-09-21,757.9,758.3263
BCN,2025-09-22,1086.6,1161.675
BCN,2025-09-23,938.5,1001.8568
BCN,2025-09-24,1214.8,1145.185
BCN,2025-09-25,888.5,949.7165
BCN,2025-09-26,1037.9,1064.0905
BCN,2025-09-27,891.6,882.13635
BCN,2025-09-28,816.4,769.9964
BCN,2025-09-29,995.1,1082.1958
BCN,2025-09-30,981.5,912.756
BCN,2025-10-01,687.9,792.39435
BCN,2025-10-02,851.4,919.21454
BCN,2025-10-03,665.1,816.0225
BCN,2025-10-04,703.2,712.6754
BCN,2025-10-05,630.8,707.96326
BCN,2025-10-06,794.4,795.5358
BCN,2025-10-07,816.1,810.75244
BCN,2025-10-08,777.2,881.66956
BCN,2025-10-09,730.7,740.3342
BCN,2025-10-10,838.9,848.6305
BCN,2025-10-11,760.7,733.41284
BCN,2025-10-12,618.5,597.9919
BCN,2025-10-13,756.1,782.9587
BCN,2025-10-14,706.7,831.94714
BCN,2025-10-15,868.9,883.148
BCN,2025-10-16,766.7,760.6537
BCN,2025-10-17,667.9,801.36066
BCN,2025-10-18,764.5,713.4531
BCN,2025-10-19,501.5,594.7419
BCN,2025-10-20,828.2,790.95764
BCN,2025-10-21,751.0,746.3134
BCN,2025-10-22,797.2,840.3744
BCN,2025-10-23,771.3,854.7767
BCN,2025-10-24,792.9,827.1482
BCN,2025-10-25,670.0,609.1073
BCN,2025-10-26,579.1,598.79285
BCN,2025-10-27,780.0,885.18567
BCN,2025-10-28,716.4,705.21423
BCN,2025-10-29,764.2,780.15894
BCN,2025-10-30,820.0,815.5615
BCN,2025-10-31,898.1,844.31055
BCN,2025-11-01,499.6,519.3391
BCN,2025-11-02,516.0,541.11066
BCN,2025-11-03,653.7,689.3038
BCN,2025-11-04,532.2,657.4811
BCN,2025-11-05,678.3,666.58484
BCN,2025-11-06,578.4,633.5618
BCN,2025-11-07,597.1,607.7313
BCN,2025-11-08,460.0,450.22922
BCN,2025-11-09,457.2,463.04514
BCN,2025-11-10,735.5,727.66486
BCN,2025-11-11,654.4,629.5293
BCN,2025-11-12,640.9,654.737
BCN,2025-11-13,692.9,654.96075
BCN,2025-11-14,592.9,607.77136
BCN,2025-11-15,540.5,551.7343
BCN,2025-11-16,379.8,427.79968
BCN,2025-11-17,667.3,698.56433
BCN,2025-11-18,604.3,599.7878
BCN,2025-11-19,697.2,657.2563
BCN,2025-11-20,584.8,648.37787
BCN,2025-11-21,584.3,605.1376
BCN,2025-11-22,610.9,602.5174
BCN,2025-11-23,494.7,483.8269
BCN,2025-11-24,608.9,643.5478
BCN,2025-11-25,653.4,626.96967
BCN,2025-11-26,801.7,712.1969
BCN,2025-11-27,748.1,677.3295
BCN,2025-11-28,562.7,604.3986
BCN,2025-11-29,539.7,531.15784
BCN,2025-11-30,504.5,520.5856
BCN,2025-12-01,588.1,634.09955
BCN,2025-12-02,663.3,656.8896
BCN,2025-12-03,685.6,674.13135
BCN,2025-12-04,545.6,603.5331
BCN,2025-12-05,603.4,610.7841
BCN,2025-12-06,567.5,546.794
BCN,2025-12-07,533.9,523.54956
BCN,2025-12-08,675.1,642.65814
BCN,2025-12-09,688.0,644.0945
BCN,2025-12-10,746.5,645.72906
BCN,2025-12-11,714.9,687.056
BCN,2025-12-12,590.4,631.5398
BCN,2025-12-13,526.4,534.5712
BCN,2025-12-14,435.3,418.76944
BCN,2025-12-15,599.2,587.5924
BCN,2025-12-16,668.8,660.61926
BCN,2025-12-17,593.3,653.84894
BCN,2025-12-18,652.0,654.8322
BCN,2025-12-19,614.7,695.22754
BCN,2025-12-20,455.5,503.82474
BCN,2025-12-21,398.5,400.07935
BCN,2025-12-22,651.2,649.6265
BCN,2025-12-23,578.4,604.3406
BCN,2025-12-24,593.3,605.5416
BCN,2025-12-25,661.2,672.1723
BCN,2025-12-26,726.7,699.5921
BCN,2025-12-27,532.5,528.7892
BCN,2025-12-28,431.9,435.98407
BCN,2025-12-29,604.2,650.12
BCN,2025-12-30,541.8,607.0662
BCN,2025-12-31,545.2,593.2126
BCN,2026-01-01,551.6,597.9251
BCN,2026-01-02,531.8,592.82605
BCN,2026-01-03,597.6,565.1466
BCN,2026-01-04,446.7,420.73737
BCN,2026-01-05,779.3,673.837
BCN,2026-01-06,576.5,600.34
BCN,2026-01-07,737.3,677.1811
BCN,2026-01-08,699.6,620.5417
BCN,2026-01-09,725.3,659.2378
BCN,2026-01-10,522.3,502.78815
BCN,2026-01-11,473.7,479.75754
BCN,2026-01-12,635.9,654.59326
BCN,2026-01-13,556.1,563.4476
BCN,2026-01-14,520.1,586.71576
BCN,2026-01-15,631.0,574.7086
BCN,2026-01-16,595.1,610.5839
BCN,2026-01-17,479.5,483.12372
BCN,2026-01-18,434.5,429.46017
BCN,2026-01-19,655.7,628.2369
BCN,2026-01-20,570.0,577.7657
BCN,2026-01-21,569.7,597.54865
BCN,2026-01-22,699.2,695.5802
BCN,2026-01-23,689.1,612.9632
BCN,2026-01-24,560.5,567.24225
BCN,2026-01-25,401.7,389.92523
BCN,2026-01-26,582.9,605.5732
BCN,2026-01-27,654.6,671.4895
BCN,2026-01-28,620.8,599.2397
BCN,2026-01-29,647.1,632.54517
BCN,2026-01-30,608.8,602.3176
BCN,2026-01-31,556.1,527.4609
BCN,2026-02-01,426.7,469.36304
BCN,2026-02-02,670.5,617.18555
BCN,2026-02-03,694.7,670.1461
BCN,2026-02-04,699.2,682.20276
BCN,2026-02-05,688.3,667.10046
BCN,2026-02-06,625.3,613.18427
BCN,2026-02-07,541.0,503.28256
BCN,2026-02-08,448.9,474.5503
BCN,2026-02-09,739.2,721.9888
BCN,2026-02-10,647.4,591.92303
BCN,2026-02-11,721.9,650.99725
BCN,2026-02-12,577.6,606.06116
BCN,2026-02-13,574.8,579.833
BCN,2026-02-14,535.2,516.55646
BCN,2026-02-15,458.2,505.46988
BCN,2026-02-16,789.3,678.18854
BCN,2026-02-17,750.5,710.8113
BCN,2026-02-18,538.3,574.6218
BCN,2026-02-19,622.7,610.97766
BCN,2026-02-20,658.0,636.37897
BCN,2026-02-21,550.8,573.14984
BCN,2026-02-22,469.8,429.76373
BCN,2026-02-23,626.4,637.55914
BCN,2026-02-24,643.9,621.78534
BCN,2026-02-25,594.5,617.169
BCN,2026-02-26,638.9,618.9081
BCN,2026-02-27,707.7,705.393
BCN,2026-02-28,474.8,516.12054
BCN,2026-03-01,578.0,528.4289
BCN,2026-03-02,785.1,826.4091
BCN,2026-03-03,697.8,818.9593
BCN,2026-03-04,754.6,729.7441
BCN,2026-03-05,688.1,769.54706
BCN,2026-03-06,794.8,810.93884
BCN,2026-03-07,660.8,671.3882
BCN,2026-03-08,450.8,554.73706
BCN,2026-03-09,788.9,801.2287
BCN,2026-03-10,926.6,823.9705
BCN,2026-03-11,746.6,831.2652
BCN,2026-03-12,807.5,799.198
BCN,2026-03-13,701.5,738.9595
BCN,2026-03-14,578.5,565.357
BCN,2026-03-15,677.9,661.17487
BCN,2026-03-16,781.9,793.1891
BCN,2026-03-17,761.1,760.825
BCN,2026-03-18,820.9,791.70526
BCN,2026-03-19,815.1,794.3222
BCN,2026-03-20,890.0,832.1342
BCN,2026-03-21,562.8,626.2692
BCN,2026-03-22,579.9,620.3217
BCN,2026-03-23,747.9,767.94824
BCN,2026-03-24,856.7,832.4191
BCN,2026-03-25,813.6,817.4824
BCN,2026-03-26,678.5,778.20514
BCN,2026-03-27,789.1,775.3234
BCN,2026-03-28,711.8,680.3225
BCN,2026-03-29,538.1,560.0511
BCN,2026-03-30,773.2,802.11096
BCN,2026-03-31,591.0,662.66864
BCN,2026-04-01,996.6,993.1506
BCN,2026-04-02,1119.3,1039.9836
BCN,2026-04-03,994.7,982.70905
BCN,2026-04-04,917.5,820.45856
BCN,2026-04-05,823.4,825.3455
BCN,2026-04-06,1043.0,1084.8759
BCN,2026-04-07,970.6,1005.51654
BCN,2026-04-08,1054.2,1014.28754
BCN,2026-04-09,1013.5,991.5059
BCN,2026-04-10,1013.1,1004.641
BCN,2026-04-11,847.2,829.30536
BCN,2026-04-12,798.6,748.1593
BCN,2026-04-13,988.3,1088.3722
BCN,2026-04-14,975.5,983.96924
BCN,2026-04-15,1095.4,1072.1879
BCN,2026-04-16,1090.1,1036.9808
BCN,2026-04-17,971.9,941.1248
BCN,2026-04-18,868.5,811.8313
BCN,2026-04-19,738.0,722.0671
BCN,2026-04-20,1015.8,928.2616
BCN,2026-04-21,998.0,980.75055
BCN,2026-04-22,1271.0,1065.7009
BCN,2026-04-23,889.8,922.6238
BCN,2026-04-24,945.1,940.50146
BCN,2026-04-25,725.0,792.6471
BCN,2026-04-26,761.9,762.7766
BCN,2026-04-27,875.3,1015.7595
BCN,2026-04-28,1113.4,985.7911
BCN,2026-04-29,962.3,1062.1116
BCN,2026-04-30,972.8,981.9949
BCN,2026-05-01,1330.7,1182.3926
BCN,2026-05-02,985.3,902.7482
BCN,2026-05-03,920.7,865.54443
BCN,2026-05-04,1077.4,1137.055
BCN,2026-05-05,1232.7,1174.9529
BCN,2026-05-06,1265.4,1180.3438
BCN,2026-05-07,1137.0,1123.6785
BCN,2026-05-08,1330.3,1243.2494
BCN,2026-05-09,972.5,974.5881
BCN,2026-05-10,1029.3,1021.76227
BCN,2026-05-11,1273.9,1228.551
BCN,2026-05-12,991.2,1013.4583
BCN,2026-05-13,1312.8,1197.6732
BCN,2026-05-14,1190.0,1144.6711
BCN,2026-05-15,1114.0,1200.2474
BCN,2026-05-16,894.3,897.716
BCN,2026-05-17,933.7,940.71985
BCN,2026-05-18,1168.8,1199.5597
BCN,2026-05-19,1134.1,1188.7783
BCN,2026-05-20,1370.5,1330.4056
BCN,2026-05-21,1150.3,1112.5795
BCN,2026-05-22,1143.2,1158.3983
BCN,2026-05-23,1104.0,1069.1155
BCN,2026-05-24,902.1,981.6115
BCN,2026-05-25,1101.3,1181.3083
BCN,2026-05-26,1156.4,1193.96
BCN,2026-05-27,1216.7,1231.6427
BCN,2026-05-28,1031.1,1095.863
BCN,2026-05-29,1230.4,1296.1628
BCN,2026-05-30,1071.8,969.3974
BCN,2026-05-31,891.6,983.3479
GEN,2025-07-01,1155.7,1107.1642
GEN,2025-07-02,1096.0,1103.7378
GEN,2025-07-03,975.5,1097.8329
GEN,2025-07-04,1124.0,1102.5995
GEN,2025-07-05,830.0,899.317
GEN,2025-07-06,917.2,863.91046
GEN,2025-07-07,1222.5,1241.863
GEN,2025-07-08,1086.7,1068.4508
GEN,2025-07-09,1164.8,1096.3804
GEN,2025-07-10,1077.5,1150.2058
GEN,2025-07-11,1277.7,1208.045
GEN,2025-07-12,916.8,863.8523
GEN,2025-07-13,828.8,832.1275
GEN,2025-07-14,1118.7,1200.013
GEN,2025-07-15,1243.9,1111.7775
GEN,2025-07-16,1146.2,1158.1105
GEN,2025-07-17,1161.2,1157.8838
GEN,2025-07-18,980.3,1042.5048
GEN,2025-07-19,985.7,903.8486
GEN,2025-07-20,965.7,916.93677
GEN,2025-07-21,1022.3,1138.1066
GEN,2025-07-22,1204.8,1074.0006
GEN,2025-07-23,1305.6,1210.3035
GEN,2025-07-24,1155.4,1170.7976
GEN,2025-07-25,1095.5,1164.2161
GEN,2025-07-26,919.1,928.8717
GEN,2025-07-27,902.7,908.7444
GEN,2025-07-28,1180.0,1246.7274
GEN,2025-07-29,970.0,1022.781
GEN,2025-07-30,1104.2,1126.4941
GEN,2025-07-31,1030.7,1202.9352
GEN,2025-08-01,1141.8,1110.9484
GEN,2025-08-02,913.5,982.22406
GEN,2025-08-03,781.5,811.8257
GEN,2025-08-04,844.6,1079.9022
GEN,2025-08-05,1071.5,1082.7195
GEN,2025-08-06,1105.0,1154.084
GEN,2025-08-07,1121.3,1133.038
GEN,2025-08-08,894.2,993.3432
GEN,2025-08-09,889.3,911.6896
GEN,2025-08-10,825.1,793.0219
GEN,2025-08-11,1062.5,1071.9426
GEN,2025-08-12,1029.0,1023.8583
GEN,2025-08-13,1037.7,999.02014
GEN,2025-08-14,1100.6,1104.135
GEN,2025-08-15,1073.2,1013.03314
GEN,2025-08-16,1020.4,976.6417
GEN,2025-08-17,842.6,819.2193
GEN,2025-08-18,994.3,1125.249
GEN,2025-08-19,1064.9,1045.0435
GEN,2025-08-20,1016.6,1038.1624
GEN,2025-08-21,1165.0,1149.7098
GEN,2025-08-22,988.9,1085.3333
GEN,2025-08-23,868.7,834.28705
GEN,2025-08-24,791.3,781.0169
GEN,2025-08-25,1197.1,1150.6143
GEN,2025-08-26,1008.9,1000.91534
GEN,2025-08-27,1015.8,1008.0498
GEN,2025-08-28,1025.9,1064.6791
GEN,2025-08-29,1159.0,1146.084
GEN,2025-08-30,779.8,813.7711
GEN,2025-08-31,831.0,804.5472
GEN,2025-09-01,858.3,914.5767
GEN,2025-09-02,818.8,895.54913
GEN,2025-09-03,855.8,906.1337
GEN,2025-09-04,1033.7,954.83966
GEN,2025-09-05,1101.3,1003.0976
GEN,2025-09-06,727.3,759.2845
GEN,2025-09-07,647.2,623.74603
GEN,2025-09-08,921.1,933.9578
GEN,2025-09-09,918.7,916.8948
GEN,2025-09-10,1057.1,977.801
GEN,2025-09-11,929.2,882.51337
GEN,2025-09-12,877.2,912.6451
GEN,2025-09-13,781.6,784.3687
GEN,2025-09-14,653.5,665.08
GEN,2025-09-15,1030.4,1000.2585
GEN,2025-09-16,1026.2,953.813
GEN,2025-09-17,957.9,967.9557
GEN,2025-09-18,1064.5,1034.4314
GEN,2025-09-19,799.5,834.44965
GEN,2025-09-20,831.7,766.343
GEN,2025-09-21,601.1,665.21436
GEN,2025-09-22,837.0,904.46027
GEN,2025-09-23,877.4,885.8061
GEN,2025-09-24,910.7,965.41174
GEN,2025-09-25,873.0,894.7105
GEN,2025-09-26,879.8,901.9783
GEN,2025-09-27,722.9,738.0132
GEN,2025-09-28,734.3,722.95184
GEN,2025-09-29,842.1,968.8166
GEN,2025-09-30,910.2,881.3545
GEN,2025-10-01,559.7,664.3796
GEN,2025-10-02,639.9,684.59393
GEN,2025-10-03,650.3,687.7718
GEN,2025-10-04,565.3,554.89655
GEN,2025-10-05,405.1,486.94235
GEN,2025-10-06,661.2,752.3065
GEN,2025-10-07,754.3,727.22705
GEN,2025-10-08,743.1,702.0049
GEN,2025-10-09,751.1,744.248
GEN,2025-10-10,630.9,694.46686
GEN,2025-10-11,679.8,653.3985
GEN,2025-10-12,510.1,533.3561
GEN,2025-10-13,732.6,752.5145
GEN,2025-10-14,573.4,665.00775
GEN,2025-10-15,677.4,711.53784
GEN,2025-10-16,592.9,611.6984
GEN,2025-10-17,631.0,661.3043
GEN,2025-10-18,609.2,617.0756
GEN,2025-10-19,532.0,515.3099
GEN,2025-10-20,694.6,761.3848
GEN,2025-10-21,733.6,703.47656
GEN,2025-10-22,675.5,703.3443
GEN,2025-10-23,743.9,750.79834
GEN,2025-10-24,735.1,767.03534
GEN,2025-10-25,656.3,592.9727
GEN,2025-10-26,561.4,513.35455
GEN,2025-10-27,767.8,705.1428
GEN,2025-10-28,795.9,737.4716
GEN,2025-10-29,737.6,691.7242
GEN,2025-10-30,716.1,693.394
GEN,2025-10-31,655.9,642.87946
GEN,2025-11-01,486.2,458.82065
GEN,2025-11-02,500.1,448.02118
GEN,2025-11-03,517.2,570.7894
GEN,2025-11-04,582.2,603.1718
GEN,2025-11-05,582.1,590.3985
GEN,2025-11-06,491.3,549.18256
GEN,2025-11-07,443.4,501.32703
GEN,2025-11-08,472.7,505.6484
GEN,2025-11-09,430.7,408.06683
GEN,2025-11-10,552.6,587.39575
GEN,2025-11-11,445.8,512.8796
GEN,2025-11-12,655.6,656.59827
GEN,2025-11-13,633.5,603.2719
GEN,2025-11-14,597.6,631.0363
GEN,2025-11-15,553.1,545.52344
GEN,2025-11-16,382.9,401.10815
GEN,2025-11-17,518.0,594.4356
GEN,2025-11-18,607.0,568.7291
GEN,2025-11-19,600.1,632.3383
GEN,2025-11-20,557.4,571.8793
GEN,2025-11-21,476.0,541.66486
GEN,2025-11-22,468.0,483.5732
GEN,2025-11-23,449.0,401.59018
GEN,2025-11-24,577.6,618.79785
GEN,2025-11-25,550.6,574.88586
GEN,2025-11-26,590.6,561.9125
GEN,2025-11-27,646.9,607.60394
GEN,2025-11-28,617.6,583.4852
GEN,2025-11-29,528.8,498.32333
GEN,2025-11-30,427.2,470.44388
GEN,2025-12-01,505.7,536.0392
GEN,2025-12-02,631.0,620.34064
GEN,2025-12-03,583.9,585.54236
GEN,2025-12-04,550.7,517.4345
GEN,2025-12-05,501.0,506.96878
GEN,2025-12-06,523.8,485.6487
GEN,2025-12-07,472.5,415.55194
GEN,2025-12-08,583.4,596.3303
GEN,2025-12-09,561.8,533.80066
GEN,2025-12-10,544.7,571.3804
GEN,2025-12-11,597.5,574.24524
GEN,2025-12-12,578.3,581.0987
GEN,2025-12-13,388.5,438.74197
GEN,2025-12-14,455.7,442.05
GEN,2025-12-15,494.1,570.0194
GEN,2025-12-16,481.0,516.5866
GEN,2025-12-17,493.6,507.60617
GEN,2025-12-18,588.4,600.0508
GEN,2025-12-19,581.3,572.0059
GEN,2025-12-20,381.8,441.60376
GEN,2025-12-21,463.4,492.14758
GEN,2025-12-22,542.9,585.4929
GEN,2025-12-23,707.4,600.1249
GEN,2025-12-24,508.9,556.70844
GEN,2025-12-25,581.7,553.7357
GEN,2025-12-26,619.0,582.345
GEN,2025-12-27,546.6,498.99127
GEN,2025-12-28,377.7,388.6541
GEN,2025-12-29,617.0,619.9315
GEN,2025-12-30,527.3,583.25287
GEN,2025-12-31,530.8,499.52237
GEN,2026-01-01,539.9,525.34937
GEN,2026-01-02,611.1,569.6991
GEN,2026-01-03,429.9,416.9954
GEN,2026-01-04,464.9,409.92358
GEN,2026-01-05,555.1,603.14935
GEN,2026-01-06,649.4,608.556
GEN,2026-01-07,536.3,569.21313
GEN,2026-01-08,553.9,587.66113
GEN,2026-01-09,563.7,550.09064
GEN,2026-01-10,421.6,443.55008
GEN,2026-01-11,410.8,409.4153
GEN,2026-01-12,555.1,565.41675
GEN,2026-01-13,565.9,579.0828
GEN,2026-01-14,545.8,546.10046
GEN,2026-01-15,648.4,601.76636
GEN,2026-01-16,678.1,610.94977
GEN,2026-01-17,480.4,460.00772
GEN,2026-01-18,453.2,478.86505
GEN,2026-01-19,647.9,587.058
GEN,2026-01-20,617.0,593.33594
GEN,2026-01-21,591.3,545.0417
GEN,2026-01-22,611.5,595.6443
GEN,2026-01-23,543.3,602.14
GEN,2026-01-24,415.3,431.82614
GEN,2026-01-25,424.5,447.48804
GEN,2026-01-26,537.8,586.16754
GEN,2026-01-27,587.7,588.4656
GEN,2026-01-28,506.3,512.1444
GEN,2026-01-29,579.5,562.0064
GEN,2026-01-30,613.5,526.6741
GEN,2026-01-31,390.5,414.8292
GEN,2026-02-01,491.3,459.12167
GEN,2026-02-02,498.7,572.4523
GEN,2026-02-03,627.0,600.6243
GEN,2026-02-04,648.3,612.3171
GEN,2026-02-05,491.7,581.0616
GEN,2026-02-06,567.1,537.0045
GEN,2026-02-07,486.5,452.80005
GEN,2026-02-08,491.4,474.57092
GEN,2026-02-09,507.7,566.0176
GEN,2026-02-10,586.0,617.2526
GEN,2026-02-11,581.4,580.2195
GEN,2026-02-12,520.7,561.8905
GEN,2026-02-13,518.5,576.82
GEN,2026-02-14,539.2,504.69418
GEN,2026-02-15,339.5,400.526
GEN,2026-02-16,708.6,640.79144
GEN,2026-02-17,540.2,549.19434
GEN,2026-02-18,509.6,591.75696
GEN,2026-02-19,539.2,602.09735
GEN,2026-02-20,572.4,563.39856
GEN,2026-02-21,445.6,478.0073
GEN,2026-02-22,404.4,388.22037
GEN,2026-02-23,619.5,580.61554
GEN,2026-02-24,525.2,522.3461
GEN,2026-02-25,565.7,536.62726
GEN,2026-02-26,648.0,603.6685
GEN,2026-02-27,531.4,514.8114
GEN,2026-02-28,497.2,512.70044
GEN,2026-03-01,474.0,481.81824
GEN,2026-03-02,671.0,695.9394
GEN,2026-03-03,650.5,682.07477
GEN,2026-03-04,713.4,700.9663
GEN,2026-03-05,669.9,671.1547
GEN,2026-03-06,685.4,690.9958
GEN,2026-03-07,526.2,524.8945
GEN,2026-03-08,505.0,510.20538
GEN,2026-03-09,758.6,725.6396
GEN,2026-03-10,674.7,664.888
GEN,2026-03-11,640.6,647.3409
GEN,2026-03-12,623.8,665.15625
GEN,2026-03-13,659.2,665.3065
GEN,2026-03-14,562.2,593.217
GEN,2026-03-15,497.5,543.2021
GEN,2026-03-16,710.4,733.1968
GEN,2026-03-17,700.2,694.8396
GEN,2026-03-18,694.8,662.0248
GEN,2026-03-19,643.4,648.7442
GEN,2026-03-20,659.3,673.77203
GEN,2026-03-21,530.9,525.7789
GEN,2026-03-22,537.5,524.7377
GEN,2026-03-23,637.5,653.58167
GEN,2026-03-24,697.7,692.97845
GEN,2026-03-25,628.0,618.0187
GEN,2026-03-26,645.1,688.9529
GEN,2026-03-27,720.0,687.6411
GEN,2026-03-28,609.3,565.0604
GEN,2026-03-29,649.9,565.0798
GEN,2026-03-30,824.7,812.51306
GEN,2026-03-31,729.7,696.25287
GEN,2026-04-01,868.1,830.11017
GEN,2026-04-02,1021.8,864.5536
GEN,2026-04-03,813.4,791.2226
GEN,2026-04-04,796.0,757.26715
GEN,2026-04-05,503.2,593.13586
GEN,2026-04-06,868.6,883.0318
GEN,2026-04-07,924.4,802.54297
GEN,2026-04-08,827.6,849.0155
GEN,2026-04-09,891.7,849.54626
GEN,2026-04-10,826.1,811.1174
GEN,2026-04-11,845.2,767.53125
GEN,2026-04-12,591.9,624.6914
GEN,2026-04-13,797.0,840.04535
GEN,2026-04-14,893.6,889.6483
GEN,2026-04-15,904.7,898.1088
GEN,2026-04-16,895.2,874.2699
GEN,2026-04-17,767.2,918.7814
GEN,2026-04-18,702.7,716.44684
GEN,2026-04-19,622.0,646.1884
GEN,2026-04-20,834.0,865.4344
GEN,2026-04-21,832.0,897.9726
GEN,2026-04-22,888.8,887.04456
GEN,2026-04-23,913.4,841.01337
GEN,2026-04-24,811.4,808.81213
GEN,2026-04-25,797.8,733.41315
GEN,2026-04-26,642.1,653.6481
GEN,2026-04-27,874.3,902.0117
GEN,2026-04-28,785.7,833.70715
GEN,2026-04-29,841.0,872.16644
GEN,2026-04-30,864.1,912.4711
GEN,2026-05-01,1036.1,1059.5264
GEN,2026-05-02,1089.6,942.1174
GEN,2026-05-03,765.9,771.2811
GEN,2026-05-04,985.8,1114.4617
GEN,2026-05-05,929.1,974.9866
GEN,2026-05-06,1240.0,1052.0956
GEN,2026-05-07,921.1,900.72125
GEN,2026-05-08,1090.2,1045.3147
GEN,2026-05-09,890.6,866.063
GEN,2026-05-10,699.1,695.2191
GEN,2026-05-11,1048.6,1119.2081
GEN,2026-05-12,967.5,965.3806
GEN,2026-05-13,1193.0,1134.0874
GEN,2026-05-14,1157.7,1099.077
GEN,2026-05-15,878.4,947.56866
GEN,2026-05-16,921.4,938.40485
GEN,2026-05-17,601.5,707.0075
GEN,2026-05-18,970.3,1108.1514
GEN,2026-05-19,1181.8,1103.1117
GEN,2026-05-20,1067.1,1038.4783
GEN,2026-05-21,1030.5,1040.4989
GEN,2026-05-22,1050.7,1102.1891
GEN,2026-05-23,817.3,869.9299
GEN,2026-05-24,689.0,794.5694
GEN,2026-05-25,962.2,1066.4806
GEN,2026-05-26,1022.9,1019.9529
GEN,2026-05-27,1026.4,1000.3525
GEN,2026-05-28,1101.4,1069.9923
GEN,2026-05-29,1051.6,1050.8086
GEN,2026-05-30,742.6,820.52734
GEN,2026-05-31,609.7,755.65753
GIB,2025-07-01,1492.3,1285.3167
GIB,2025-07-02,1499.3,1341.7695
GIB,2025-07-03,1269.0,1321.0929
GIB,2025-07-04,1327.1,1362.116
GIB,2025-07-05,1082.6,1068.0511
GIB,2025-07-06,1042.5,1019.98114
GIB,2025-07-07,1348.0,1270.7208
GIB,2025-07-08,1242.2,1296.0715
GIB,2025-07-09,1499.2,1365.676
GIB,2025-07-10,1150.2,1201.2401
GIB,2025-07-11,1313.2,1335.132
GIB,2025-07-12,1035.3,1019.674
GIB,2025-07-13,966.0,1031.9886
GIB,2025-07-14,1259.1,1313.778
GIB,2025-07-15,1372.0,1243.0508
GIB,2025-07-16,1181.2,1228.6733
GIB,2025-07-17,1468.4,1340.8834
GIB,2025-07-18,1399.2,1377.8762
GIB,2025-07-19,889.3,1012.9496
GIB,2025-07-20,849.4,942.17053
GIB,2025-07-21,1252.2,1352.4656
GIB,2025-07-22,1145.9,1113.1165
GIB,2025-07-23,1160.6,1190.7913
GIB,2025-07-24,1277.7,1310.3025
GIB,2025-07-25,1325.5,1337.9518
GIB,2025-07-26,1041.0,1122.8562
GIB,2025-07-27,979.0,997.60535
GIB,2025-07-28,1342.4,1432.8145
GIB,2025-07-29,1359.7,1252.5004
GIB,2025-07-30,1248.0,1183.2207
GIB,2025-07-31,1207.2,1276.4432
GIB,2025-08-01,1197.0,1250.0702
GIB,2025-08-02,1175.6,1156.5104
GIB,2025-08-03,951.2,1001.18317
GIB,2025-08-04,1372.6,1342.8704
GIB,2025-08-05,1177.4,1229.2189
GIB,2025-08-06,1216.7,1213.835
GIB,2025-08-07,1315.1,1362.1108
GIB,2025-08-08,1206.1,1264.6617
GIB,2025-08-09,1063.0,1041.4276
GIB,2025-08-10,1007.5,974.9928
GIB,2025-08-11,1398.0,1447.7233
GIB,2025-08-12,1457.9,1305.4083
GIB,2025-08-13,1495.6,1454.0607
GIB,2025-08-14,1319.8,1378.0288
GIB,2025-08-15,1394.9,1461.4364
GIB,2025-08-16,1214.5,1237.4944
GIB,2025-08-17,1007.3,1036.7256
GIB,2025-08-18,1411.2,1372.2806
GIB,2025-08-19,1287.1,1313.8286
GIB,2025-08-20,1369.7,1437.9442
GIB,2025-08-21,1381.2,1271.3455
GIB,2025-08-22,1390.8,1384.9515
GIB,2025-08-23,1151.4,1147.9662
GIB,2025-08-24,1020.5,1086.1842
GIB,2025-08-25,1202.0,1326.9119
GIB,2025-08-26,1451.1,1379.5984
GIB,2025-08-27,1353.3,1349.5514
GIB,2025-08-28,1258.6,1252.3628
GIB,2025-08-29,1413.7,1368.5516
GIB,2025-08-30,1278.2,1069.6926
GIB,2025-08-31,1054.1,1072.4579
GIB,2025-09-01,1274.6,1410.066
GIB,2025-09-02,1440.4,1372.1007
GIB,2025-09-03,1460.8,1346.3967
GIB,2025-09-04,1407.2,1374.5477
GIB,2025-09-05,1478.7,1409.8969
GIB,2025-09-06,1090.5,1044.0453
GIB,2025-09-07,1137.9,971.7609
GIB,2025-09-08,1424.2,1396.7528
GIB,2025-09-09,1295.9,1368.6635
GIB,2025-09-10,1440.5,1368.2549
GIB,2025-09-11,1441.1,1440.0178
GIB,2025-09-12,1411.7,1374.0123
GIB,2025-09-13,1217.2,1100.0707
GIB,2025-09-14,1054.4,1056.6498
GIB,2025-09-15,1445.1,1507.2391
GIB,2025-09-16,1339.3,1242.691
GIB,2025-09-17,1336.6,1381.8505
GIB,2025-09-18,1475.2,1379.1233
GIB,2025-09-19,1229.9,1283.9722
GIB,2025-09-20,1066.3,1096.2191
GIB,2025-09-21,980.7,1042.663
GIB,2025-09-22,1321.8,1380.6924
GIB,2025-09-23,1475.1,1411.3402
GIB,2025-09-24,1169.5,1207.0087
GIB,2025-09-25,1433.3,1429.4075
GIB,2025-09-26,1178.4,1244.2223
GIB,2025-09-27,1170.2,1140.9036
GIB,2025-09-28,972.4,1062.9614
GIB,2025-09-29,1370.8,1368.7251
GIB,2025-09-30,1212.2,1361.0782
GIB,2025-10-01,1343.2,1322.5674
GIB,2025-10-02,1247.7,1312.7711
GIB,2025-10-03,1194.1,1285.5034
GIB,2025-10-04,1091.8,1133.4269
GIB,2025-10-05,1155.7,1004.8796
GIB,2025-10-06,1384.5,1422.9995
GIB,2025-10-07,1281.8,1351.1562
GIB,2025-10-08,1399.7,1399.1724
GIB,2025-10-09,1434.1,1419.7843
GIB,2025-10-10,1404.5,1348.3224
GIB,2025-10-11,1091.3,1080.6592
GIB,2025-10-12,851.3,980.73157
GIB,2025-10-13,1273.5,1360.2584
GIB,2025-10-14,1448.3,1353.4414
GIB,2025-10-15,1183.9,1301.233
GIB,2025-10-16,1333.1,1317.7404
GIB,2025-10-17,1213.9,1318.6659
GIB,2025-10-18,1140.8,1154.48
GIB,2025-10-19,855.2,913.8723
GIB,2025-10-20,1329.5,1379.478
GIB,2025-10-21,1368.7,1357.6415
GIB,2025-10-22,1332.8,1384.8914
GIB,2025-10-23,1320.8,1317.6326
GIB,2025-10-24,1266.0,1216.6726
GIB,2025-10-25,1077.2,1079.3253
GIB,2025-10-26,904.8,932.4572
GIB,2025-10-27,1217.6,1294.1788
GIB,2025-10-28,1458.1,1363.9071
GIB,2025-10-29,1098.0,1277.42
GIB,2025-10-30,1452.8,1381.4487
GIB,2025-10-31,1440.9,1389.9141
GIB,2025-11-01,986.6,1065.0541
GIB,2025-11-02,1037.3,987.74054
GIB,2025-11-03,1146.5,1288.1217
GIB,2025-11-04,1358.1,1301.8612
GIB,2025-11-05,1199.1,1191.8019
GIB,2025-11-06,1307.9,1207.7335
GIB,2025-11-07,1173.9,1159.4043
GIB,2025-11-08,943.0,930.95996
GIB,2025-11-09,874.9,988.78595
GIB,2025-11-10,1364.4,1361.0758
GIB,2025-11-11,1220.2,1237.0375
GIB,2025-11-12,1163.2,1260.2424
GIB,2025-11-13,1360.1,1343.9937
GIB,2025-11-14,1360.5,1372.5916
GIB,2025-11-15,1240.3,1072.6163
GIB,2025-11-16,902.8,966.3355
GIB,2025-11-17,1303.6,1380.4099
GIB,2025-11-18,1300.3,1263.4192
GIB,2025-11-19,1350.3,1346.9531
GIB,2025-11-20,1199.4,1240.796
GIB,2025-11-21,1243.8,1297.0365
GIB,2025-11-22,1221.9,1194.7183
GIB,2025-11-23,1109.3,1010.9388
GIB,2025-11-24,1047.2,1170.7915
GIB,2025-11-25,1103.7,1100.8605
GIB,2025-11-26,1246.2,1218.179
GIB,2025-11-27,1238.2,1209.6919
GIB,2025-11-28,1091.5,1215.7423
GIB,2025-11-29,995.8,1091.0907
GIB,2025-11-30,898.7,930.71277
GIB,2025-12-01,1105.4,1205.3207
GIB,2025-12-02,1277.2,1168.163
GIB,2025-12-03,1133.7,1131.653
GIB,2025-12-04,1166.4,1245.6086
GIB,2025-12-05,1256.2,1243.9884
GIB,2025-12-06,870.0,881.48126
GIB,2025-12-07,795.2,845.8157
GIB,2025-12-08,1278.6,1220.5525
GIB,2025-12-09,1092.1,1156.4254
GIB,2025-12-10,1064.8,1155.3328
GIB,2025-12-11,1231.1,1177.7047
GIB,2025-12-12,1249.9,1264.1478
GIB,2025-12-13,997.9,1005.2761
GIB,2025-12-14,945.9,964.6352
GIB,2025-12-15,1112.8,1286.6201
GIB,2025-12-16,1090.7,1134.0557
GIB,2025-12-17,1134.1,1168.5973
GIB,2025-12-18,1275.6,1195.2759
GIB,2025-12-19,1168.5,1209.04
GIB,2025-12-20,986.7,995.3912
GIB,2025-12-21,974.6,934.2269
GIB,2025-12-22,1144.5,1130.6903
GIB,2025-12-23,1141.5,1165.6342
GIB,2025-12-24,1003.9,1152.9949
GIB,2025-12-25,1300.8,1236.0958
GIB,2025-12-26,1222.7,1244.9703
GIB,2025-12-27,1080.4,964.1159
GIB,2025-12-28,781.3,830.7528
GIB,2025-12-29,1037.7,1124.3678
GIB,2025-12-30,1251.2,1125.6357
GIB,2025-12-31,1159.4,1115.4818
GIB,2026-01-01,1102.1,1069.6503
GIB,2026-01-02,1155.7,1261.7184
GIB,2026-01-03,1087.9,1090.8428
GIB,2026-01-04,886.5,898.1339
GIB,2026-01-05,1073.0,1140.5667
GIB,2026-01-06,1047.4,1030.729
GIB,2026-01-07,996.0,1024.2301
GIB,2026-01-08,1094.1,1146.7328
GIB,2026-01-09,1289.2,1098.168
GIB,2026-01-10,948.1,922.7849
GIB,2026-01-11,968.5,965.3837
GIB,2026-01-12,1228.4,1191.1414
GIB,2026-01-13,1192.0,1107.5933
GIB,2026-01-14,1138.9,1149.5958
GIB,2026-01-15,1089.9,1086.2998
GIB,2026-01-16,1343.1,1294.5464
GIB,2026-01-17,896.8,945.9052
GIB,2026-01-18,978.3,987.378
GIB,2026-01-19,1064.6,1219.3173
GIB,2026-01-20,1222.4,1186.4297
GIB,2026-01-21,1053.0,1108.9082
GIB,2026-01-22,982.2,1129.3876
GIB,2026-01-23,1347.5,1197.3097
GIB,2026-01-24,764.4,859.5654
GIB,2026-01-25,783.7,867.4422
GIB,2026-01-26,968.9,1157.0151
GIB,2026-01-27,1123.0,1106.9343
GIB,2026-01-28,1265.2,1166.708
GIB,2026-01-29,1132.8,1125.0704
GIB,2026-01-30,1150.9,1158.7472
GIB,2026-01-31,975.1,979.4393
GIB,2026-02-01,789.2,795.92957
GIB,2026-02-02,997.6,1151.8143
GIB,2026-02-03,987.4,985.04144
GIB,2026-02-04,1300.2,1146.3145
GIB,2026-02-05,1304.9,1157.0227
GIB,2026-02-06,1121.1,1127.6262
GIB,2026-02-07,873.0,876.8801
GIB,2026-02-08,766.3,801.6152
GIB,2026-02-09,1061.6,1162.5739
GIB,2026-02-10,989.2,1099.8054
GIB,2026-02-11,892.9,955.4242
GIB,2026-02-12,1244.6,1174.0194
GIB,2026-02-13,1206.6,1058.3096
GIB,2026-02-14,892.7,929.1589
GIB,2026-02-15,878.9,904.7557
GIB,2026-02-16,1089.6,1159.7052
GIB,2026-02-17,1184.9,1097.9149
GIB,2026-02-18,1194.8,1181.885
GIB,2026-02-19,1210.9,1177.3573
GIB,2026-02-20,1030.1,1050.7689
GIB,2026-02-21,915.6,909.45337
GIB,2026-02-22,965.3,931.7606
GIB,2026-02-23,1231.2,1197.9863
GIB,2026-02-24,1101.5,1058.3873
GIB,2026-02-25,992.0,1053.9719
GIB,2026-02-26,1019.0,1040.888
GIB,2026-02-27,1064.0,1098.6808
GIB,2026-02-28,1002.7,924.23047
GIB,2026-03-01,745.0,762.1562
GIB,2026-03-02,1069.2,1117.9136
GIB,2026-03-03,1011.3,976.60724
GIB,2026-03-04,1028.4,1058.497
GIB,2026-03-05,1027.7,1041.0607
GIB,2026-03-06,1036.7,1043.0807
GIB,2026-03-07,894.8,990.34204
GIB,2026-03-08,608.7,683.1486
GIB,2026-03-09,1095.7,1135.4009
GIB,2026-03-10,1195.0,1117.741
GIB,2026-03-11,1026.3,1035.868
GIB,2026-03-12,1118.3,1145.0856
GIB,2026-03-13,1078.4,1099.8469
GIB,2026-03-14,1039.5,988.0668
GIB,2026-03-15,863.4,915.73474
GIB,2026-03-16,1072.4,1140.1382
GIB,2026-03-17,999.9,1084.5135
GIB,2026-03-18,1124.9,1123.6422
GIB,2026-03-19,902.8,999.5129
GIB,2026-03-20,1166.1,1162.0509
GIB,2026-03-21,1057.1,974.81354
GIB,2026-03-22,694.3,799.06177
GIB,2026-03-23,1316.6,1153.9131
GIB,2026-03-24,1044.8,1021.5691
GIB,2026-03-25,1339.8,1193.8555
GIB,2026-03-26,1082.0,1057.0232
GIB,2026-03-27,987.2,1024.3647
GIB,2026-03-28,804.5,880.52924
GIB,2026-03-29,977.5,916.0885
GIB,2026-03-30,1001.8,1100.4342
GIB,2026-03-31,1039.1,983.26044
GIB,2026-04-01,1043.7,1036.4888
GIB,2026-04-02,1019.8,1058.0254
GIB,2026-04-03,1129.4,1182.4786
GIB,2026-04-04,1055.0,948.5744
GIB,2026-04-05,890.9,889.52234
GIB,2026-04-06,1024.4,1095.9031
GIB,2026-04-07,1142.9,1167.114
GIB,2026-04-08,1327.2,1177.6549
GIB,2026-04-09,1206.8,1106.5154
GIB,2026-04-10,952.5,1005.28845
GIB,2026-04-11,1044.6,967.26575
GIB,2026-04-12,1006.0,932.1412
GIB,2026-04-13,1137.7,1134.7695
GIB,2026-04-14,1089.7,1030.9266
GIB,2026-04-15,1123.8,1093.6884
GIB,2026-04-16,1430.5,1215.3942
GIB,2026-04-17,1097.0,1138.7822
GIB,2026-04-18,984.6,984.8669
GIB,2026-04-19,740.2,754.61365
GIB,2026-04-20,1255.3,1258.5922
GIB,2026-04-21,1158.5,1060.934
GIB,2026-04-22,1080.6,1066.0204
GIB,2026-04-23,1163.4,1175.5106
GIB,2026-04-24,1235.8,1165.0413
GIB,2026-04-25,895.8,908.5531
GIB,2026-04-26,942.1,916.41956
GIB,2026-04-27,1223.2,1153.7694
GIB,2026-04-28,1020.8,1095.8412
GIB,2026-04-29,1236.4,1195.4728
GIB,2026-04-30,1058.4,1043.5616
GIB,2026-05-01,1180.4,1182.1917
GIB,2026-05-02,1085.0,981.8141
GIB,2026-05-03,871.7,931.5784
GIB,2026-05-04,1099.8,1201.6394
GIB,2026-05-05,1127.5,1133.444
GIB,2026-05-06,1052.4,1117.3722
GIB,2026-05-07,1218.6,1179.0511
GIB,2026-05-08,1182.2,1176.7294
GIB,2026-05-09,1004.6,1023.54614
GIB,2026-05-10,836.6,844.1751
GIB,2026-05-11,1293.5,1248.8481
GIB,2026-05-12,1186.0,1095.341
GIB,2026-05-13,1337.1,1230.5637
GIB,2026-05-14,1102.0,1235.4641
GIB,2026-05-15,1087.7,1081.0443
GIB,2026-05-16,971.4,995.5285
GIB,2026-05-17,908.2,931.2654
GIB,2026-05-18,1261.2,1295.2096
GIB,2026-05-19,1309.1,1201.6045
GIB,2026-05-20,1364.7,1327.3501
GIB,2026-05-21,1326.9,1284.0901
GIB,2026-05-22,1319.1,1262.4746
GIB,2026-05-23,1160.2,1045.0399
GIB,2026-05-24,943.3,933.5408
GIB,2026-05-25,1116.0,1175.9391
GIB,2026-05-26,1213.4,1183.0654
GIB,2026-05-27,1060.7,1207.4625
GIB,2026-05-28,1142.6,1206.1368
GIB,2026-05-29,1220.8,1237.0139
GIB,2026-05-30,994.6,1043.6831
GIB,2026-05-31,942.7,917.50696
HAM,2025-07-01,1880.7,1953.2037
HAM,2025-07-02,2216.5,2039.0209
HAM,2025-07-03,2074.0,1821.2395
HAM,2025-07-04,1971.8,1922.547
HAM,2025-07-05,1446.4,1624.8411
HAM,2025-07-06,1402.1,1449.4333
HAM,2025-07-07,1802.8,1965.2952
HAM,2025-07-08,2019.7,1871.1891
HAM,2025-07-09,1789.0,1736.4841
HAM,2025-07-10,1745.9,1739.6365
HAM,2025-07-11,2041.9,2013.0243
HAM,2025-07-12,1421.6,1426.7418
HAM,2025-07-13,1525.2,1427.2341
HAM,2025-07-14,2080.5,1896.6542
HAM,2025-07-15,2118.1,1935.9131
HAM,2025-07-16,1968.8,1679.7842
HAM,2025-07-17,2070.6,2032.8356
HAM,2025-07-18,1941.5,1918.7476
HAM,2025-07-19,1564.8,1617.2308
HAM,2025-07-20,1443.2,1459.968
HAM,2025-07-21,2122.1,2016.77
HAM,2025-07-22,2094.0,1806.584
HAM,2025-07-23,1951.8,1914.109
HAM,2025-07-24,1720.5,1880.9148
HAM,2025-07-25,2107.2,1951.9254
HAM,2025-07-26,1646.5,1626.2388
HAM,2025-07-27,1525.1,1484.3004
HAM,2025-07-28,1796.7,1966.8446
HAM,2025-07-29,1823.5,1906.7305
HAM,2025-07-30,1923.9,1937.4955
HAM,2025-07-31,1727.2,1861.3593
HAM,2025-08-01,1815.8,1781.2911
HAM,2025-08-02,1546.7,1552.3677
HAM,2025-08-03,1241.0,1386.3977
HAM,2025-08-04,1862.9,1987.4847
HAM,2025-08-05,1721.9,1738.2549
HAM,2025-08-06,1576.4,1615.013
HAM,2025-08-07,1814.2,1739.7158
HAM,2025-08-08,2072.9,1801.5592
HAM,2025-08-09,1321.4,1253.6877
HAM,2025-08-10,1410.9,1349.6127
HAM,2025-08-11,1537.9,1602.0607
HAM,2025-08-12,1787.5,1708.6921
HAM,2025-08-13,2085.6,1983.5502
HAM,2025-08-14,1732.2,1804.9745
HAM,2025-08-15,1780.2,1765.6172
HAM,2025-08-16,1419.2,1485.3706
HAM,2025-08-17,1346.2,1331.7963
HAM,2025-08-18,1507.5,1647.7196
HAM,2025-08-19,1986.2,1818.0065
HAM,2025-08-20,1502.7,1581.4105
HAM,2025-08-21,1731.1,1834.852
HAM,2025-08-22,1891.9,1814.4315
HAM,2025-08-23,1505.7,1462.4199
HAM,2025-08-24,1356.5,1335.0265
HAM,2025-08-25,1929.6,1905.4229
HAM,2025-08-26,1763.5,1718.4105
HAM,2025-08-27,1776.4,1817.5776
HAM,2025-08-28,1592.7,1681.7761
HAM,2025-08-29,1794.8,1749.2516
HAM,2025-08-30,1342.4,1416.6962
HAM,2025-08-31,1421.9,1382.8899
HAM,2025-09-01,1633.4,1761.3539
HAM,2025-09-02,1621.9,1496.461
HAM,2025-09-03,1350.5,1556.3357
HAM,2025-09-04,1382.6,1518.2892
HAM,2025-09-05,1680.0,1707.1783
HAM,2025-09-06,1243.5,1222.9325
HAM,2025-09-07,1015.5,1096.456
HAM,2025-09-08,1492.5,1523.6897
HAM,2025-09-09,1490.2,1545.1787
HAM,2025-09-10,1363.8,1477.5599
HAM,2025-09-11,1488.1,1409.4752
HAM,2025-09-12,1494.9,1554.2855
HAM,2025-09-13,1405.1,1365.7782
HAM,2025-09-14,1152.8,1101.1116
HAM,2025-09-15,1766.7,1759.8832
HAM,2025-09-16,1499.4,1402.8636
HAM,2025-09-17,1498.1,1614.9175
HAM,2025-09-18,1524.8,1512.7288
HAM,2025-09-19,1449.3,1516.6705
HAM,2025-09-20,1195.1,1223.6475
HAM,2025-09-21,1037.0,1006.2313
HAM,2025-09-22,1394.6,1630.5256
HAM,2025-09-23,1562.6,1567.5514
HAM,2025-09-24,1458.9,1513.6279
HAM,2025-09-25,1525.8,1564.0939
HAM,2025-09-26,1482.0,1466.8687
HAM,2025-09-27,1166.1,1238.7437
HAM,2025-09-28,1189.3,1091.7278
HAM,2025-09-29,1432.0,1560.3896
HAM,2025-09-30,1433.7,1469.7844
HAM,2025-10-01,1276.7,1286.4761
HAM,2025-10-02,1288.1,1407.051
HAM,2025-10-03,1318.2,1376.4427
HAM,2025-10-04,935.9,989.8847
HAM,2025-10-05,971.7,958.1456
HAM,2025-10-06,1280.4,1270.0826
HAM,2025-10-07,1121.2,1150.8369
HAM,2025-10-08,1139.5,1187.9307
HAM,2025-10-09,1143.6,1163.2399
HAM,2025-10-10,1294.3,1203.3783
HAM,2025-10-11,1025.1,1004.8323
HAM,2025-10-12,970.8,1067.7096
HAM,2025-10-13,1354.4,1318.7358
HAM,2025-10-14,1373.4,1257.7881
HAM,2025-10-15,1138.1,1189.0187
HAM,2025-10-16,1455.5,1284.0664
HAM,2025-10-17,1220.6,1224.1097
HAM,2025-10-18,1111.0,1075.6808
HAM,2025-10-19,987.2,976.08124
HAM,2025-10-20,1045.3,1237.3529
HAM,2025-10-21,1244.6,1249.6642
HAM,2025-10-22,1241.3,1248.5961
HAM,2025-10-23,1148.6,1259.3846
HAM,2025-10-24,1201.6,1332.6898
HAM,2025-10-25,1050.5,1081.4907
HAM,2025-10-26,948.6,869.20776
HAM,2025-10-27,1269.8,1365.8049
HAM,2025-10-28,1069.6,1137.7649
HAM,2025-10-29,1309.9,1316.0594
HAM,2025-10-30,1166.9,1207.0834
HAM,2025-10-31,1274.2,1283.0592
HAM,2025-11-01,967.1,1049.6742
HAM,2025-11-02,1060.5,951.31445
HAM,2025-11-03,1371.1,1373.2444
HAM,2025-11-04,1269.2,1189.6581
HAM,2025-11-05,1193.6,1204.0603
HAM,2025-11-06,1432.4,1340.3308
HAM,2025-11-07,1256.5,1289.1533
HAM,2025-11-08,989.0,1032.4633
HAM,2025-11-09,940.9,974.6439
HAM,2025-11-10,1302.3,1416.2247
HAM,2025-11-11,1189.0,1284.993
HAM,2025-11-12,1292.7,1313.7823
HAM,2025-11-13,1289.1,1329.1875
HAM,2025-11-14,1171.0,1295.1716
HAM,2025-11-15,1076.7,1002.38416
HAM,2025-11-16,850.8,904.97345
HAM,2025-11-17,1385.0,1398.787
HAM,2025-11-18,1246.8,1221.4868
HAM,2025-11-19,1158.3,1252.3206
HAM,2025-11-20,1485.3,1410.236
HAM,2025-11-21,1087.7,1213.1062
HAM,2025-11-22,1032.1,945.92377
HAM,2025-11-23,846.3,922.53796
HAM,2025-11-24,1395.8,1392.9127
HAM,2025-11-25,1423.0,1325.2706
HAM,2025-11-26,1154.0,1205.7555
HAM,2025-11-27,1259.6,1290.664
HAM,2025-11-28,1084.1,1094.5925
HAM,2025-11-29,1147.5,1001.1613
HAM,2025-11-30,944.9,865.5498
HAM,2025-12-01,1103.4,1262.6642
HAM,2025-12-02,1052.9,1115.3123
HAM,2025-12-03,1316.4,1299.998
HAM,2025-12-04,1258.2,1221.7546
HAM,2025-12-05,1148.9,1264.012
HAM,2025-12-06,1222.6,1096.7504
HAM,2025-12-07,863.6,934.18335
HAM,2025-12-08,1238.2,1333.467
HAM,2025-12-09,1256.6,1270.2122
HAM,2025-12-10,1149.5,1184.1505
HAM,2025-12-11,1204.7,1225.1748
HAM,2025-12-12,1115.4,1102.4102
HAM,2025-12-13,1209.4,1190.4756
HAM,2025-12-14,942.0,925.62305
HAM,2025-12-15,1162.6,1280.1199
HAM,2025-12-16,1192.8,1239.0764
HAM,2025-12-17,1223.8,1240.9143
HAM,2025-12-18,1281.7,1345.7798
HAM,2025-12-19,1346.9,1357.0321
HAM,2025-12-20,900.7,919.9415
HAM,2025-12-21,920.1,943.4458
HAM,2025-12-22,1063.8,1251.903
HAM,2025-12-23,1198.1,1229.3036
HAM,2025-12-24,1188.4,1144.4286
HAM,2025-12-25,1422.9,1354.3511
HAM,2025-12-26,1187.2,1215.73
HAM,2025-12-27,1198.5,1106.6838
HAM,2025-12-28,891.0,967.73395
HAM,2025-12-29,1138.6,1307.0743
HAM,2025-12-30,1306.4,1270.086
HAM,2025-12-31,1203.4,1284.5128
HAM,2026-01-01,1155.1,1172.8625
HAM,2026-01-02,1080.8,1137.8379
HAM,2026-01-03,968.3,983.002
HAM,2026-01-04,937.6,912.8202
HAM,2026-01-05,1230.7,1274.3754
HAM,2026-01-06,1150.5,1242.8815
HAM,2026-01-07,1331.2,1262.2598
HAM,2026-01-08,1134.7,1122.439
HAM,2026-01-09,1046.4,1099.2198
HAM,2026-01-10,1084.8,1061.5266
HAM,2026-01-11,960.0,887.0022
HAM,2026-01-12,1012.1,1254.3458
HAM,2026-01-13,1073.9,1085.639
HAM,2026-01-14,1153.8,1169.1584
HAM,2026-01-15,1241.6,1293.2596
HAM,2026-01-16,1173.4,1227.672
HAM,2026-01-17,1028.8,1014.6042
HAM,2026-01-18,993.2,1053.8813
HAM,2026-01-19,1404.3,1350.5182
HAM,2026-01-20,1158.3,1194.8855
HAM,2026-01-21,1126.6,1083.5187
HAM,2026-01-22,1204.1,1209.2828
HAM,2026-01-23,1258.6,1258.7063
HAM,2026-01-24,1062.6,1080.8783
HAM,2026-01-25,809.4,951.6271
HAM,2026-01-26,1298.6,1422.4595
HAM,2026-01-27,1294.3,1269.7754
HAM,2026-01-28,1193.0,1222.7687
HAM,2026-01-29,1179.2,1221.0397
HAM,2026-01-30,1167.6,1190.3175
HAM,2026-01-31,1262.5,1134.0676
HAM,2026-02-01,828.0,923.3081
HAM,2026-02-02,1290.8,1277.0088
HAM,2026-02-03,1166.7,1144.4556
HAM,2026-02-04,1124.8,1223.1156
HAM,2026-02-05,1116.6,1208.127
HAM,2026-02-06,1142.1,1193.2155
HAM,2026-02-07,969.7,1005.1029
HAM,2026-02-08,1079.6,1014.66815
HAM,2026-02-09,1260.3,1281.7932
HAM,2026-02-10,1268.6,1167.5121
HAM,2026-02-11,1309.1,1275.24
HAM,2026-02-12,1188.7,1177.6635
HAM,2026-02-13,1384.7,1304.9102
HAM,2026-02-14,1140.2,993.2019
HAM,2026-02-15,980.0,1058.071
HAM,2026-02-16,1063.3,1268.2479
HAM,2026-02-17,1254.7,1229.7646
HAM,2026-02-18,1114.6,1265.8306
HAM,2026-02-19,1236.5,1330.8634
HAM,2026-02-20,1304.3,1284.1156
HAM,2026-02-21,1198.3,1104.0702
HAM,2026-02-22,930.8,963.26996
HAM,2026-02-23,1187.9,1263.0555
HAM,2026-02-24,1236.0,1261.8053
HAM,2026-02-25,1110.7,1232.2676
HAM,2026-02-26,1290.1,1320.4683
HAM,2026-02-27,1075.4,1083.1531
HAM,2026-02-28,1083.4,1097.3662
HAM,2026-03-01,947.0,983.7691
HAM,2026-03-02,1479.1,1584.0375
HAM,2026-03-03,1424.7,1321.6246
HAM,2026-03-04,1460.5,1494.3068
HAM,2026-03-05,1606.6,1535.7366
HAM,2026-03-06,1355.9,1329.5972
HAM,2026-03-07,1195.3,1151.9198
HAM,2026-03-08,1354.0,1199.7812
HAM,2026-03-09,1224.2,1428.3894
HAM,2026-03-10,1425.2,1404.2614
HAM,2026-03-11,1383.3,1580.5336
HAM,2026-03-12,1629.5,1549.3025
HAM,2026-03-13,1754.1,1620.3682
HAM,2026-03-14,1253.8,1221.8823
HAM,2026-03-15,1032.1,1192.939
HAM,2026-03-16,1626.5,1658.9984
HAM,2026-03-17,1352.0,1305.8909
HAM,2026-03-18,1499.7,1611.768
HAM,2026-03-19,1433.5,1588.7284
HAM,2026-03-20,1568.5,1605.8359
HAM,2026-03-21,1299.0,1229.367
HAM,2026-03-22,1118.1,1150.41
HAM,2026-03-23,1363.2,1622.4253
HAM,2026-03-24,1477.0,1372.7251
HAM,2026-03-25,1602.5,1630.124
HAM,2026-03-26,1352.4,1365.7242
HAM,2026-03-27,1430.1,1490.4872
HAM,2026-03-28,1483.9,1380.8567
HAM,2026-03-29,1011.7,1076.2053
HAM,2026-03-30,1335.8,1598.2068
HAM,2026-03-31,1509.9,1541.142
HAM,2026-04-01,1754.9,1717.0786
HAM,2026-04-02,1639.2,1580.827
HAM,2026-04-03,1828.0,1698.7261
HAM,2026-04-04,1743.1,1652.8163
HAM,2026-04-05,1396.8,1266.7214
HAM,2026-04-06,1791.9,1857.7814
HAM,2026-04-07,1551.0,1719.266
HAM,2026-04-08,1957.2,1820.937
HAM,2026-04-09,1563.3,1652.9832
HAM,2026-04-10,1631.4,1754.7319
HAM,2026-04-11,1772.2,1630.454
HAM,2026-04-12,1452.1,1347.6652
HAM,2026-04-13,1776.5,1839.4624
HAM,2026-04-14,1656.9,1781.0299
HAM,2026-04-15,2083.1,1841.7123
HAM,2026-04-16,1744.3,1750.4033
HAM,2026-04-17,1595.6,1628.8604
HAM,2026-04-18,1422.0,1409.9923
HAM,2026-04-19,1572.4,1444.3523
HAM,2026-04-20,1952.9,1943.4706
HAM,2026-04-21,1612.2,1690.017
HAM,2026-04-22,1769.9,1802.8138
HAM,2026-04-23,1745.9,1711.9225
HAM,2026-04-24,1865.8,1837.8536
HAM,2026-04-25,1629.0,1594.2081
HAM,2026-04-26,1386.7,1366.6282
HAM,2026-04-27,1637.6,1706.044
HAM,2026-04-28,1662.0,1690.0953
HAM,2026-04-29,1669.1,1682.5962
HAM,2026-04-30,1730.5,1684.7363
HAM,2026-05-01,1887.7,1917.7423
HAM,2026-05-02,1888.6,1699.3412
HAM,2026-05-03,1517.4,1465.3961
HAM,2026-05-04,1784.8,1939.3242
HAM,2026-05-05,1914.5,2006.9021
HAM,2026-05-06,2181.3,2045.4457
HAM,2026-05-07,2166.0,2011.6179
HAM,2026-05-08,2042.5,1909.6155
HAM,2026-05-09,1711.0,1645.1746
HAM,2026-05-10,1260.3,1372.6136
HAM,2026-05-11,1964.6,2004.8317
HAM,2026-05-12,1953.7,2152.343
HAM,2026-05-13,1958.4,1873.7551
HAM,2026-05-14,2033.6,2011.6313
HAM,2026-05-15,1868.2,1986.4565
HAM,2026-05-16,1759.0,1634.0043
HAM,2026-05-17,1346.2,1525.9655
HAM,2026-05-18,1993.0,2013.9396
HAM,2026-05-19,1891.6,2022.4281
HAM,2026-05-20,2073.8,1881.7139
HAM,2026-05-21,1703.2,1898.0089
HAM,2026-05-22,2014.9,1904.3955
HAM,2026-05-23,1604.6,1568.1227
HAM,2026-05-24,1421.7,1457.6483
HAM,2026-05-25,1819.2,1939.6786
HAM,2026-05-26,1984.1,1976.6921
HAM,2026-05-27,2059.2,1893.6158
HAM,2026-05-28,2351.4,2155.5115
HAM,2026-05-29,2122.8,2156.2415
HAM,2026-05-30,1451.1,1446.7523
HAM,2026-05-31,1714.7,1627.0454
IST,2025-07-01,2045.1,1947.5083
IST,2025-07-02,2239.4,2029.8477
IST,2025-07-03,2063.6,2072.4463
IST,2025-07-04,2039.5,2054.3872
IST,2025-07-05,1892.2,1789.3579
IST,2025-07-06,1319.8,1463.9562
IST,2025-07-07,2105.0,2048.4302
IST,2025-07-08,1937.1,1849.8295
IST,2025-07-09,1932.3,1836.3457
IST,2025-07-10,2211.2,2041.6176
IST,2025-07-11,2056.5,1982.9508
IST,2025-07-12,1807.8,1722.0627
IST,2025-07-13,1612.3,1641.6134
IST,2025-07-14,2236.4,2035.0249
IST,2025-07-15,2024.9,1896.3153
IST,2025-07-16,2250.6,1987.7073
IST,2025-07-17,2097.0,1959.3381
IST,2025-07-18,2007.0,2032.0762
IST,2025-07-19,1939.3,1875.9564
IST,2025-07-20,1572.0,1525.0944
IST,2025-07-21,2314.1,2184.2927
IST,2025-07-22,2256.6,2057.388
IST,2025-07-23,2013.3,1952.8088
IST,2025-07-24,2180.3,1817.1893
IST,2025-07-25,2093.3,1991.0739
IST,2025-07-26,1730.7,1705.2985
IST,2025-07-27,1547.7,1603.8723
IST,2025-07-28,2293.0,2111.0625
IST,2025-07-29,2261.5,2045.6638
IST,2025-07-30,1697.0,1758.5338
IST,2025-07-31,1946.5,1910.5098
IST,2025-08-01,1965.5,1935.7418
IST,2025-08-02,1879.2,1616.9434
IST,2025-08-03,1441.8,1574.0028
IST,2025-08-04,1928.5,1949.1921
IST,2025-08-05,1757.0,1848.3245
IST,2025-08-06,1684.1,1839.2549
IST,2025-08-07,1780.8,1948.8859
IST,2025-08-08,1983.0,1880.4269
IST,2025-08-09,1542.3,1712.8527
IST,2025-08-10,1692.1,1533.0024
IST,2025-08-11,1879.7,1872.1055
IST,2025-08-12,1863.2,1870.0243
IST,2025-08-13,1937.7,1967.2255
IST,2025-08-14,1936.1,2023.7489
IST,2025-08-15,1913.0,1857.1693
IST,2025-08-16,1691.8,1671.2269
IST,2025-08-17,1428.4,1549.5026
IST,2025-08-18,1893.5,1997.3699
IST,2025-08-19,1707.6,1735.47
IST,2025-08-20,1747.8,1840.8861
IST,2025-08-21,1633.2,1762.9764
IST,2025-08-22,2015.5,1996.627
IST,2025-08-23,1551.4,1655.2689
IST,2025-08-24,1335.7,1390.0417
IST,2025-08-25,1620.2,1872.61
IST,2025-08-26,1744.5,1879.36
IST,2025-08-27,2238.0,2062.9463
IST,2025-08-28,1915.6,1998.0624
IST,2025-08-29,1933.0,2069.6562
IST,2025-08-30,1640.4,1581.6013
IST,2025-08-31,1332.5,1414.7083
IST,2025-09-01,1458.4,1661.2449
IST,2025-09-02,1920.7,1717.0887
IST,2025-09-03,1746.8,1606.7981
IST,2025-09-04,1685.7,1802.1696
IST,2025-09-05,1328.0,1575.1086
IST,2025-09-06,1387.7,1425.4194
IST,2025-09-07,1342.5,1348.6166
IST,2025-09-08,1419.8,1701.304
IST,2025-09-09,1446.2,1480.1017
IST,2025-09-10,1644.8,1686.4146
IST,2025-09-11,1696.6,1757.0173
IST,2025-09-12,1701.2,1665.0765
IST,2025-09-13,1263.6,1331.5159
IST,2025-09-14,1183.8,1247.5651
IST,2025-09-15,1598.2,1722.8342
IST,2025-09-16,1745.3,1781.367
IST,2025-09-17,1912.3,1882.8123
IST,2025-09-18,1650.4,1655.36
IST,2025-09-19,1613.4,1684.3647
IST,2025-09-20,1426.9,1404.3782
IST,2025-09-21,1227.3,1298.7678
IST,2025-09-22,1601.8,1737.0659
IST,2025-09-23,1640.7,1588.1917
IST,2025-09-24,1570.3,1581.2295
IST,2025-09-25,1947.1,1733.7339
IST,2025-09-26,1598.4,1678.5587
IST,2025-09-27,1506.6,1395.0278
IST,2025-09-28,1229.0,1323.9048
IST,2025-09-29,1752.4,1722.5858
IST,2025-09-30,1521.8,1536.9125
IST,2025-10-01,1065.7,1242.5779
IST,2025-10-02,1167.1,1297.2913
IST,2025-10-03,1196.1,1297.646
IST,2025-10-04,1063.4,1098.8926
IST,2025-10-05,931.1,1007.7568
IST,2025-10-06,1265.7,1285.4004
IST,2025-10-07,1147.4,1176.5641
IST,2025-10-08,1370.4,1274.5044
IST,2025-10-09,1242.2,1287.3618
IST,2025-10-10,1263.4,1309.1506
IST,2025-10-11,1086.4,1002.609
IST,2025-10-12,1052.4,988.1601
IST,2025-10-13,1265.4,1346.7554
IST,2025-10-14,1356.6,1355.0466
IST,2025-10-15,1194.6,1287.2083
IST,2025-10-16,1430.2,1409.1542
IST,2025-10-17,1253.4,1298.2366
IST,2025-10-18,1149.8,1220.9912
IST,2025-10-19,1008.3,1008.74805
IST,2025-10-20,1225.9,1335.6866
IST,2025-10-21,1393.7,1309.9307
IST,2025-10-22,1307.6,1395.5184
IST,2025-10-23,1253.8,1350.4644
IST,2025-10-24,1390.0,1328.8544
IST,2025-10-25,1196.1,1192.4633
IST,2025-10-26,933.2,1058.417
IST,2025-10-27,1279.3,1371.5167
IST,2025-10-28,1299.8,1294.0221
IST,2025-10-29,1137.2,1236.1188
IST,2025-10-30,1370.9,1390.8071
IST,2025-10-31,1448.7,1327.6287
IST,2025-11-01,763.1,771.4853
IST,2025-11-02,715.4,741.4074
IST,2025-11-03,1262.3,1182.1447
IST,2025-11-04,1141.6,1024.1584
IST,2025-11-05,1110.6,1160.354
IST,2025-11-06,1074.5,1054.0288
IST,2025-11-07,906.0,1016.40906
IST,2025-11-08,938.7,925.6144
IST,2025-11-09,866.9,787.0466
IST,2025-11-10,1137.2,1134.126
IST,2025-11-11,1210.7,1059.2992
IST,2025-11-12,1152.2,1083.0239
IST,2025-11-13,1096.3,1001.2213
IST,2025-11-14,961.4,951.25616
IST,2025-11-15,862.9,813.3562
IST,2025-11-16,754.2,808.92676
IST,2025-11-17,1079.9,1067.3491
IST,2025-11-18,1153.2,1039.2434
IST,2025-11-19,1077.4,1069.9122
IST,2025-11-20,1215.7,1130.7092
IST,2025-11-21,1013.1,1026.3456
IST,2025-11-22,935.1,914.15155
IST,2025-11-23,761.6,761.9096
IST,2025-11-24,1035.3,1095.8776
IST,2025-11-25,1093.6,996.7976
IST,2025-11-26,903.3,963.6119
IST,2025-11-27,942.1,1005.363
IST,2025-11-28,1039.3,1066.9495
IST,2025-11-29,910.1,915.5148
IST,2025-11-30,867.9,898.53046
IST,2025-12-01,1141.4,1142.7952
IST,2025-12-02,967.4,1035.317
IST,2025-12-03,1066.3,1017.30457
IST,2025-12-04,1059.7,986.4388
IST,2025-12-05,1148.7,1069.537
IST,2025-12-06,734.7,752.7741
IST,2025-12-07,744.2,833.85925
IST,2025-12-08,932.1,1074.7458
IST,2025-12-09,1034.0,1014.58545
IST,2025-12-10,1075.3,1100.3236
IST,2025-12-11,912.9,964.19257
IST,2025-12-12,935.9,941.12006
IST,2025-12-13,884.5,854.10535
IST,2025-12-14,776.1,781.48346
IST,2025-12-15,1114.8,1073.4355
IST,2025-12-16,947.5,1041.0544
IST,2025-12-17,1089.0,1032.3997
IST,2025-12-18,1032.5,1079.7773
IST,2025-12-19,1010.0,1052.3264
IST,2025-12-20,707.5,804.70386
IST,2025-12-21,737.6,739.6661
IST,2025-12-22,893.1,1062.815
IST,2025-12-23,1006.5,1070.595
IST,2025-12-24,1223.8,1032.0132
IST,2025-12-25,1002.3,1015.3788
IST,2025-12-26,1023.2,1066.0779
IST,2025-12-27,961.9,857.8637
IST,2025-12-28,753.4,774.7982
IST,2025-12-29,1113.1,1102.6594
IST,2025-12-30,1102.1,1034.7382
IST,2025-12-31,999.6,1055.3303
IST,2026-01-01,1045.5,1059.3466
IST,2026-01-02,1067.7,1067.4263
IST,2026-01-03,1055.2,958.7814
IST,2026-01-04,844.0,809.0516
IST,2026-01-05,896.7,1058.4528
IST,2026-01-06,1016.3,1027.3558
IST,2026-01-07,999.0,1066.4042
IST,2026-01-08,1138.1,1103.4401
IST,2026-01-09,983.4,999.90894
IST,2026-01-10,878.1,824.46545
IST,2026-01-11,719.2,825.4946
IST,2026-01-12,976.6,1034.4822
IST,2026-01-13,1008.3,931.9992
IST,2026-01-14,1050.7,1132.7246
IST,2026-01-15,1022.0,994.1964
IST,2026-01-16,990.4,960.352
IST,2026-01-17,871.4,844.8516
IST,2026-01-18,763.1,779.9246
IST,2026-01-19,904.9,1029.0562
IST,2026-01-20,1087.9,1022.6456
IST,2026-01-21,870.4,1022.5202
IST,2026-01-22,908.7,996.24023
IST,2026-01-23,1113.4,1145.9386
IST,2026-01-24,1012.7,919.51855
IST,2026-01-25,969.8,913.1637
IST,2026-01-26,953.3,1072.5508
IST,2026-01-27,1053.2,1067.2888
IST,2026-01-28,1130.6,1137.9125
IST,2026-01-29,1036.5,977.5125
IST,2026-01-30,1128.7,1063.8746
IST,2026-01-31,795.7,864.79456
IST,2026-02-01,863.4,802.5524
IST,2026-02-02,1113.4,1203.5702
IST,2026-02-03,1069.7,1102.4943
IST,2026-02-04,1109.0,1134.833
IST,2026-02-05,1068.8,1024.5792
IST,2026-02-06,977.4,1031.7483
IST,2026-02-07,765.1,852.4615
IST,2026-02-08,741.1,759.45337
IST,2026-02-09,1074.9,1127.5663
IST,2026-02-10,1030.3,1040.5498
IST,2026-02-11,1075.5,1057.8226
IST,2026-02-12,1125.6,1097.5438
IST,2026-02-13,973.9,977.543
IST,2026-02-14,888.6,868.89136
IST,2026-02-15,888.2,789.8134
IST,2026-02-16,971.5,1073.1053
IST,2026-02-17,1056.8,1051.2006
IST,2026-02-18,1026.8,945.4184
IST,2026-02-19,1010.7,1001.9878
IST,2026-02-20,904.2,946.6916
IST,2026-02-21,983.9,920.0323
IST,2026-02-22,716.4,765.4675
IST,2026-02-23,1013.1,1055.6139
IST,2026-02-24,1001.7,1075.9088
IST,2026-02-25,1095.2,1080.0525
IST,2026-02-26,1227.6,1149.6902
IST,2026-02-27,1117.7,1137.9058
IST,2026-02-28,983.4,865.54816
IST,2026-03-01,830.9,887.10785
IST,2026-03-02,1193.9,1282.773
IST,2026-03-03,1422.7,1342.5372
IST,2026-03-04,1209.9,1254.492
IST,2026-03-05,1255.6,1184.8046
IST,2026-03-06,1080.4,1104.936
IST,2026-03-07,1018.7,1017.5108
IST,2026-03-08,965.5,964.8113
IST,2026-03-09,1238.4,1324.5114
IST,2026-03-10,1320.6,1308.4614
IST,2026-03-11,1180.1,1249.1144
IST,2026-03-12,1052.7,1200.3075
IST,2026-03-13,1260.1,1281.13
IST,2026-03-14,1031.8,1077.4038
IST,2026-03-15,907.7,943.0134
IST,2026-03-16,1246.9,1279.6864
IST,2026-03-17,1309.1,1270.1309
IST,2026-03-18,1259.7,1256.0979
IST,2026-03-19,1197.5,1190.2332
IST,2026-03-20,1491.9,1385.2605
IST,2026-03-21,1027.3,1061.3228
IST,2026-03-22,914.7,929.9768
IST,2026-03-23,1093.2,1272.9601
IST,2026-03-24,1261.5,1306.5212
IST,2026-03-25,1083.6,1261.6879
IST,2026-03-26,1411.5,1286.7297
IST,2026-03-27,1215.4,1247.6058
IST,2026-03-28,1135.9,1080.6885
IST,2026-03-29,825.7,915.7763
IST,2026-03-30,1124.9,1245.9408
IST,2026-03-31,1452.9,1345.2089
IST,2026-04-01,1755.7,1526.4988
IST,2026-04-02,1395.4,1563.0642
IST,2026-04-03,1580.3,1573.8229
IST,2026-04-04,1378.0,1318.5144
IST,2026-04-05,1243.6,1175.8788
IST,2026-04-06,1781.3,1714.149
IST,2026-04-07,1692.9,1629.3909
IST,2026-04-08,1468.4,1635.7406
IST,2026-04-09,1469.3,1536.9327
IST,2026-04-10,1429.2,1527.7019
IST,2026-04-11,1480.9,1503.3885
IST,2026-04-12,1051.0,1149.7354
IST,2026-04-13,1950.6,1778.2467
IST,2026-04-14,1592.3,1478.8533
IST,2026-04-15,1717.2,1735.1316
IST,2026-04-16,1578.2,1745.6149
IST,2026-04-17,1626.8,1779.7368
IST,2026-04-18,1417.3,1446.2523
IST,2026-04-19,1267.5,1241.5604
IST,2026-04-20,1388.0,1606.2946
IST,2026-04-21,1478.0,1563.593
IST,2026-04-22,1843.7,1638.8928
IST,2026-04-23,1487.1,1487.397
IST,2026-04-24,1612.0,1654.449
IST,2026-04-25,1580.6,1490.1377
IST,2026-04-26,1204.1,1311.3071
IST,2026-04-27,1454.5,1646.7739
IST,2026-04-28,1743.3,1591.0238
IST,2026-04-29,1676.8,1624.0991
IST,2026-04-30,1974.5,1781.7185
IST,2026-05-01,2060.8,1894.9556
IST,2026-05-02,1756.4,1602.8564
IST,2026-05-03,1354.7,1429.0704
IST,2026-05-04,1911.3,1910.1332
IST,2026-05-05,1799.2,1740.0352
IST,2026-05-06,1891.2,1963.9248
IST,2026-05-07,1715.8,1786.587
IST,2026-05-08,1706.6,1740.6208
IST,2026-05-09,1397.1,1508.9982
IST,2026-05-10,1421.5,1399.7742
IST,2026-05-11,2035.4,1843.2167
IST,2026-05-12,1785.9,1843.8656
IST,2026-05-13,2049.5,2041.921
IST,2026-05-14,1767.6,1743.4653
IST,2026-05-15,1875.0,2025.2609
IST,2026-05-16,1454.0,1475.2708
IST,2026-05-17,1294.0,1465.2742
IST,2026-05-18,1850.2,1902.7155
IST,2026-05-19,1874.2,1872.2855
IST,2026-05-20,1932.0,1820.0802
IST,2026-05-21,1838.8,1942.2457
IST,2026-05-22,1900.8,1919.2485
IST,2026-05-23,1495.2,1515.8424
IST,2026-05-24,1480.2,1475.6367
IST,2026-05-25,1934.3,1961.1229
IST,2026-05-26,2054.3,1848.4015
IST,2026-05-27,1817.6,1926.8954
IST,2026-05-28,1717.1,1791.8932
IST,2026-05-29,1721.4,1903.0271
IST,2026-05-30,1630.2,1647.8083
IST,2026-05-31,1360.1,1448.2858
LIM,2025-07-01,685.7,711.69946
LIM,2025-07-02,690.0,731.52
LIM,2025-07-03,784.9,812.58154
LIM,2025-07-04,782.9,757.23956
LIM,2025-07-05,608.2,581.3045
LIM,2025-07-06,509.2,501.67532
LIM,2025-07-07,788.5,777.70197
LIM,2025-07-08,740.6,670.7034
LIM,2025-07-09,807.8,763.1601
LIM,2025-07-10,778.9,747.0441
LIM,2025-07-11,779.9,705.0804
LIM,2025-07-12,641.7,572.35077
LIM,2025-07-13,602.0,571.50165
LIM,2025-07-14,774.8,762.87335
LIM,2025-07-15,817.3,752.753
LIM,2025-07-16,846.0,763.9446
LIM,2025-07-17,760.6,726.98224
LIM,2025-07-18,691.9,729.13934
LIM,2025-07-19,588.8,552.3021
LIM,2025-07-20,486.8,489.5522
LIM,2025-07-21,791.3,744.2527
LIM,2025-07-22,821.5,759.6188
LIM,2025-07-23,789.8,758.1628
LIM,2025-07-24,839.5,807.10266
LIM,2025-07-25,801.3,719.04395
LIM,2025-07-26,626.2,627.61975
LIM,2025-07-27,528.5,539.99927
LIM,2025-07-28,715.8,723.4599
LIM,2025-07-29,796.0,715.6464
LIM,2025-07-30,822.1,766.7986
LIM,2025-07-31,731.9,759.57733
LIM,2025-08-01,689.1,638.0313
LIM,2025-08-02,587.6,596.6903
LIM,2025-08-03,523.5,468.975
LIM,2025-08-04,671.2,748.3361
LIM,2025-08-05,619.4,680.274
LIM,2025-08-06,777.5,777.83185
LIM,2025-08-07,751.1,770.6877
LIM,2025-08-08,657.5,705.50366
LIM,2025-08-09,542.0,570.70593
LIM,2025-08-10,523.8,567.10126
LIM,2025-08-11,733.6,740.9587
LIM,2025-08-12,621.5,616.05457
LIM,2025-08-13,770.7,734.30066
LIM,2025-08-14,671.0,617.0863
LIM,2025-08-15,694.2,707.6186
LIM,2025-08-16,597.1,547.1426
LIM,2025-08-17,551.1,542.94696
LIM,2025-08-18,669.4,708.04645
LIM,2025-08-19,791.6,755.4652
LIM,2025-08-20,752.7,669.54663
LIM,2025-08-21,638.0,627.81824
LIM,2025-08-22,770.4,726.6046
LIM,2025-08-23,618.0,560.15924
LIM,2025-08-24,541.8,520.4273
LIM,2025-08-25,679.1,695.68713
LIM,2025-08-26,727.5,648.77325
LIM,2025-08-27,646.2,640.53925
LIM,2025-08-28,731.5,708.49335
LIM,2025-08-29,786.7,685.93604
LIM,2025-08-30,533.0,532.01807
LIM,2025-08-31,556.0,527.1652
LIM,2025-09-01,574.3,631.4183
LIM,2025-09-02,619.2,566.81586
LIM,2025-09-03,619.0,588.6332
LIM,2025-09-04,614.8,638.9575
LIM,2025-09-05,589.8,617.8525
LIM,2025-09-06,572.8,474.56284
LIM,2025-09-07,441.4,444.3884
LIM,2025-09-08,553.0,591.4624
LIM,2025-09-09,601.0,593.49054
LIM,2025-09-10,677.6,657.13007
LIM,2025-09-11,607.2,660.80493
LIM,2025-09-12,642.9,646.16656
LIM,2025-09-13,526.9,481.2751
LIM,2025-09-14,493.1,490.39514
LIM,2025-09-15,612.1,643.45123
LIM,2025-09-16,688.1,613.93774
LIM,2025-09-17,524.3,573.5696
LIM,2025-09-18,570.7,636.4951
LIM,2025-09-19,592.2,570.11676
LIM,2025-09-20,539.9,517.0129
LIM,2025-09-21,451.8,484.1746
LIM,2025-09-22,569.5,602.57715
LIM,2025-09-23,630.8,641.5276
LIM,2025-09-24,610.7,636.5704
LIM,2025-09-25,629.7,578.937
LIM,2025-09-26,624.5,618.4443
LIM,2025-09-27,512.5,491.95468
LIM,2025-09-28,455.7,457.20764
LIM,2025-09-29,559.7,586.879
LIM,2025-09-30,589.9,559.2567
LIM,2025-10-01,495.3,473.78683
LIM,2025-10-02,422.2,454.77405
LIM,2025-10-03,434.6,426.14655
LIM,2025-10-04,445.7,449.1826
LIM,2025-10-05,291.4,355.15695
LIM,2025-10-06,477.1,521.9297
LIM,2025-10-07,445.5,429.1216
LIM,2025-10-08,393.9,457.3978
LIM,2025-10-09,379.8,399.8262
LIM,2025-10-10,447.7,459.22894
LIM,2025-10-11,381.2,361.48764
LIM,2025-10-12,388.8,350.7566
LIM,2025-10-13,471.3,525.23
LIM,2025-10-14,553.4,470.79233
LIM,2025-10-15,456.0,473.92618
LIM,2025-10-16,532.5,501.1837
LIM,2025-10-17,409.3,428.6241
LIM,2025-10-18,346.8,381.07245
LIM,2025-10-19,287.8,345.77338
LIM,2025-10-20,458.4,508.02988
LIM,2025-10-21,594.3,574.97687
LIM,2025-10-22,452.4,436.27872
LIM,2025-10-23,457.0,536.47
LIM,2025-10-24,463.1,496.8637
LIM,2025-10-25,443.9,457.77878
LIM,2025-10-26,373.5,374.0487
LIM,2025-10-27,444.0,446.99588
LIM,2025-10-28,495.2,462.34808
LIM,2025-10-29,395.6,423.9176
LIM,2025-10-30,430.5,463.50317
LIM,2025-10-31,485.8,445.36603
LIM,2025-11-01,311.6,302.29688
LIM,2025-11-02,237.4,254.57185
LIM,2025-11-03,331.0,354.13177
LIM,2025-11-04,340.2,372.61496
LIM,2025-11-05,381.2,346.6217
LIM,2025-11-06,397.7,389.3658
LIM,2025-11-07,312.5,328.84085
LIM,2025-11-08,273.4,275.7802
LIM,2025-11-09,224.5,262.11398
LIM,2025-11-10,312.1,324.04987
LIM,2025-11-11,346.9,340.60034
LIM,2025-11-12,351.0,370.8502
LIM,2025-11-13,337.2,378.99368
LIM,2025-11-14,322.8,318.7993
LIM,2025-11-15,371.6,349.08658
LIM,2025-11-16,239.9,248.37843
LIM,2025-11-17,400.2,415.65735
LIM,2025-11-18,327.7,337.7031
LIM,2025-11-19,367.4,386.30338
LIM,2025-11-20,319.6,304.87842
LIM,2025-11-21,407.2,384.73553
LIM,2025-11-22,313.8,299.52655
LIM,2025-11-23,211.0,213.0638
LIM,2025-11-24,358.4,361.23325
LIM,2025-11-25,399.2,366.54852
LIM,2025-11-26,373.1,373.14688
LIM,2025-11-27,434.3,371.6158
LIM,2025-11-28,378.9,423.8427
LIM,2025-11-29,290.2,291.4296
LIM,2025-11-30,190.6,213.22223
LIM,2025-12-01,305.2,327.37985
LIM,2025-12-02,299.3,277.165
LIM,2025-12-03,386.1,395.184
LIM,2025-12-04,384.9,365.48785
LIM,2025-12-05,294.8,333.84894
LIM,2025-12-06,291.7,284.7867
LIM,2025-12-07,220.3,219.81467
LIM,2025-12-08,271.9,303.60806
LIM,2025-12-09,348.2,342.83496
LIM,2025-12-10,312.4,355.3685
LIM,2025-12-11,386.6,390.1613
LIM,2025-12-12,310.7,316.54922
LIM,2025-12-13,307.6,298.23904
LIM,2025-12-14,208.7,240.49977
LIM,2025-12-15,326.6,362.2508
LIM,2025-12-16,381.6,379.07004
LIM,2025-12-17,337.1,295.7451
LIM,2025-12-18,328.2,336.69254
LIM,2025-12-19,342.8,330.37097
LIM,2025-12-20,307.2,283.11963
LIM,2025-12-21,221.0,265.99384
LIM,2025-12-22,362.9,369.4926
LIM,2025-12-23,292.1,283.91833
LIM,2025-12-24,329.3,343.00366
LIM,2025-12-25,360.0,336.65552
LIM,2025-12-26,379.1,364.90692
LIM,2025-12-27,255.5,239.56938
LIM,2025-12-28,254.3,245.2734
LIM,2025-12-29,263.9,309.81702
LIM,2025-12-30,333.7,341.1018
LIM,2025-12-31,275.2,266.55667
LIM,2026-01-01,299.2,246.81934
LIM,2026-01-02,328.9,330.9147
LIM,2026-01-03,259.1,265.99994
LIM,2026-01-04,318.1,301.3857
LIM,2026-01-05,380.0,388.45007
LIM,2026-01-06,389.4,338.43274
LIM,2026-01-07,316.3,305.39993
LIM,2026-01-08,303.5,322.1728
LIM,2026-01-09,359.2,365.4568
LIM,2026-01-10,362.6,338.1805
LIM,2026-01-11,234.5,264.27603
LIM,2026-01-12,329.0,321.72098
LIM,2026-01-13,322.3,386.38168
LIM,2026-01-14,406.0,354.05588
LIM,2026-01-15,334.3,328.9483
LIM,2026-01-16,351.1,341.23727
LIM,2026-01-17,346.4,323.84427
LIM,2026-01-18,287.2,288.49417
LIM,2026-01-19,293.9,314.84894
LIM,2026-01-20,314.8,338.00583
LIM,2026-01-21,405.0,360.25012
LIM,2026-01-22,362.0,360.61484
LIM,2026-01-23,326.5,315.4642
LIM,2026-01-24,265.6,296.06857
LIM,2026-01-25,225.1,236.0521
LIM,2026-01-26,365.8,363.99506
LIM,2026-01-27,321.7,338.9394
LIM,2026-01-28,376.1,362.9617
LIM,2026-01-29,291.6,297.9056
LIM,2026-01-30,315.8,317.34555
LIM,2026-01-31,228.3,233.52602
LIM,2026-02-01,179.7,203.67879
LIM,2026-02-02,348.0,388.43527
LIM,2026-02-03,297.3,345.6364
LIM,2026-02-04,359.3,320.59125
LIM,2026-02-05,322.7,328.29453
LIM,2026-02-06,333.1,340.61063
LIM,2026-02-07,296.0,285.60873
LIM,2026-02-08,203.3,205.27808
LIM,2026-02-09,408.7,397.77597
LIM,2026-02-10,387.9,372.0892
LIM,2026-02-11,292.5,311.4352
LIM,2026-02-12,296.2,296.52826
LIM,2026-02-13,312.2,322.47607
LIM,2026-02-14,289.1,283.7785
LIM,2026-02-15,255.6,256.9902
LIM,2026-02-16,262.0,287.043
LIM,2026-02-17,361.6,357.48724
LIM,2026-02-18,352.5,331.22754
LIM,2026-02-19,320.6,395.42947
LIM,2026-02-20,357.2,372.30963
LIM,2026-02-21,281.4,264.16055
LIM,2026-02-22,229.3,254.40036
LIM,2026-02-23,358.7,374.07108
LIM,2026-02-24,283.5,289.57178
LIM,2026-02-25,312.9,322.2019
LIM,2026-02-26,290.8,318.43753
LIM,2026-02-27,282.4,295.20737
LIM,2026-02-28,288.5,289.67743
LIM,2026-03-01,357.5,350.89093
LIM,2026-03-02,360.5,389.01486
LIM,2026-03-03,320.7,349.4371
LIM,2026-03-04,397.9,383.15173
LIM,2026-03-05,387.7,384.79688
LIM,2026-03-06,349.8,375.5154
LIM,2026-03-07,394.4,384.87677
LIM,2026-03-08,301.6,303.25653
LIM,2026-03-09,438.9,446.904
LIM,2026-03-10,383.3,379.15424
LIM,2026-03-11,485.5,421.06622
LIM,2026-03-12,416.0,419.4777
LIM,2026-03-13,430.8,420.84314
LIM,2026-03-14,427.7,396.63968
LIM,2026-03-15,365.2,362.51218
LIM,2026-03-16,402.1,464.87872
LIM,2026-03-17,422.8,433.35873
LIM,2026-03-18,479.7,435.4236
LIM,2026-03-19,469.3,415.85645
LIM,2026-03-20,379.2,416.2856
LIM,2026-03-21,346.4,354.12897
LIM,2026-03-22,278.5,304.5406
LIM,2026-03-23,432.3,431.7181
LIM,2026-03-24,417.4,438.29453
LIM,2026-03-25,377.0,450.93405
LIM,2026-03-26,469.7,477.09314
LIM,2026-03-27,388.9,426.6985
LIM,2026-03-28,336.7,323.0429
LIM,2026-03-29,240.4,289.9262
LIM,2026-03-30,361.4,392.95828
LIM,2026-03-31,386.1,374.955
LIM,2026-04-01,568.6,539.77765
LIM,2026-04-02,632.5,587.53046
LIM,2026-04-03,598.3,584.1279
LIM,2026-04-04,532.8,461.57553
LIM,2026-04-05,431.5,423.517
LIM,2026-04-06,546.6,572.30945
LIM,2026-04-07,526.8,515.7016
LIM,2026-04-08,602.1,560.96
LIM,2026-04-09,491.2,547.53876
LIM,2026-04-10,598.1,593.1026
LIM,2026-04-11,493.6,469.68512
LIM,2026-04-12,390.2,374.28433
LIM,2026-04-13,551.3,604.0451
LIM,2026-04-14,558.1,494.2251
LIM,2026-04-15,524.1,516.5077
LIM,2026-04-16,471.6,583.81024
LIM,2026-04-17,582.2,600.2749
LIM,2026-04-18,405.7,467.1908
LIM,2026-04-19,390.5,412.32697
LIM,2026-04-20,504.4,536.64716
LIM,2026-04-21,630.9,580.76965
LIM,2026-04-22,540.5,593.3397
LIM,2026-04-23,589.6,584.56287
LIM,2026-04-24,535.4,569.0589
LIM,2026-04-25,482.0,428.51892
LIM,2026-04-26,322.7,377.43805
LIM,2026-04-27,550.7,570.7532
LIM,2026-04-28,516.5,545.9211
LIM,2026-04-29,550.2,552.3571
LIM,2026-04-30,618.2,563.0543
LIM,2026-05-01,723.0,626.3313
LIM,2026-05-02,583.5,539.68695
LIM,2026-05-03,551.7,482.91583
LIM,2026-05-04,566.6,678.49347
LIM,2026-05-05,690.9,648.76953
LIM,2026-05-06,658.1,586.964
LIM,2026-05-07,788.6,681.7027
LIM,2026-05-08,733.1,652.6708
LIM,2026-05-09,570.9,515.98535
LIM,2026-05-10,461.0,476.0968
LIM,2026-05-11,573.9,628.051
LIM,2026-05-12,677.0,672.61224
LIM,2026-05-13,574.8,600.38153
LIM,2026-05-14,638.2,680.61237
LIM,2026-05-15,618.3,607.2611
LIM,2026-05-16,542.7,528.1191
LIM,2026-05-17,439.9,433.6624
LIM,2026-05-18,562.3,620.74
LIM,2026-05-19,789.4,711.9756
LIM,2026-05-20,572.8,631.19794
LIM,2026-05-21,557.0,604.8059
LIM,2026-05-22,716.7,692.09204
LIM,2026-05-23,527.4,516.1309
LIM,2026-05-24,538.3,469.07385
LIM,2026-05-25,568.2,604.05756
LIM,2026-05-26,545.1,576.4616
LIM,2026-05-27,653.1,654.429
LIM,2026-05-28,756.7,692.9664
LIM,2026-05-29,645.7,622.3603
LIM,2026-05-30,635.7,589.18365
LIM,2026-05-31,485.4,445.30722
MLT,2025-07-01,953.7,917.09454
MLT,2025-07-02,931.6,979.5697
MLT,2025-07-03,917.3,940.20935
MLT,2025-07-04,939.6,1040.4852
MLT,2025-07-05,890.2,905.9663
MLT,2025-07-06,642.4,693.496
MLT,2025-07-07,1117.2,1108.497
MLT,2025-07-08,983.8,944.3668
MLT,2025-07-09,1173.3,1070.89
MLT,2025-07-10,1124.2,1092.546
MLT,2025-07-11,1132.3,1051.5292
MLT,2025-07-12,877.2,829.4463
MLT,2025-07-13,704.3,714.29126
MLT,2025-07-14,873.8,1055.0702
MLT,2025-07-15,1103.1,1120.1365
MLT,2025-07-16,1242.8,1105.4598
MLT,2025-07-17,1101.0,1110.3168
MLT,2025-07-18,1097.8,964.21
MLT,2025-07-19,907.5,887.87396
MLT,2025-07-20,771.7,750.7867
MLT,2025-07-21,1020.7,1091.3417
MLT,2025-07-22,1022.9,986.0315
MLT,2025-07-23,986.0,979.9133
MLT,2025-07-24,1073.2,999.36426
MLT,2025-07-25,1108.2,1049.3877
MLT,2025-07-26,836.4,829.8936
MLT,2025-07-27,780.8,778.8258
MLT,2025-07-28,960.1,1071.5344
MLT,2025-07-29,1022.1,1019.18207
MLT,2025-07-30,1170.1,1026.0563
MLT,2025-07-31,1047.9,1101.8197
MLT,2025-08-01,1022.4,996.5934
MLT,2025-08-02,845.4,867.83405
MLT,2025-08-03,681.8,775.6671
MLT,2025-08-04,927.6,981.528
MLT,2025-08-05,1002.2,958.6457
MLT,2025-08-06,976.9,991.47217
MLT,2025-08-07,919.4,934.4101
MLT,2025-08-08,923.9,932.21765
MLT,2025-08-09,783.3,720.0713
MLT,2025-08-10,751.9,716.4421
MLT,2025-08-11,1073.5,1036.6985
MLT,2025-08-12,1068.2,1025.5051
MLT,2025-08-13,867.5,872.9259
MLT,2025-08-14,910.9,929.22614
MLT,2025-08-15,834.6,808.0
MLT,2025-08-16,797.8,839.62134
MLT,2025-08-17,648.2,612.28546
MLT,2025-08-18,858.9,995.7507
MLT,2025-08-19,1029.6,961.9657
MLT,2025-08-20,1153.7,1041.2263
MLT,2025-08-21,906.2,885.0693
MLT,2025-08-22,1014.8,992.6462
MLT,2025-08-23,745.2,733.00104
MLT,2025-08-24,673.5,758.33026
MLT,2025-08-25,1003.4,1065.9103
MLT,2025-08-26,913.0,989.5942
MLT,2025-08-27,925.4,906.4887
MLT,2025-08-28,910.7,889.26587
MLT,2025-08-29,1125.9,1058.5004
MLT,2025-08-30,781.9,763.05457
MLT,2025-08-31,754.4,743.51526
MLT,2025-09-01,879.2,973.1423
MLT,2025-09-02,902.5,881.57025
MLT,2025-09-03,972.9,955.75006
MLT,2025-09-04,750.6,738.15875
MLT,2025-09-05,814.0,820.46344
MLT,2025-09-06,664.0,726.7005
MLT,2025-09-07,754.5,673.3091
MLT,2025-09-08,762.9,819.9342
MLT,2025-09-09,931.7,907.4163
MLT,2025-09-10,805.9,903.8036
MLT,2025-09-11,875.2,898.56885
MLT,2025-09-12,962.9,924.7841
MLT,2025-09-13,798.2,743.9971
MLT,2025-09-14,684.2,640.73785
MLT,2025-09-15,750.2,767.73224
MLT,2025-09-16,842.1,806.71436
MLT,2025-09-17,863.4,896.62103
MLT,2025-09-18,987.4,938.529
MLT,2025-09-19,868.9,859.78723
MLT,2025-09-20,648.8,620.5311
MLT,2025-09-21,609.6,575.4735
MLT,2025-09-22,861.5,914.10046
MLT,2025-09-23,914.7,885.70605
MLT,2025-09-24,1007.9,891.9111
MLT,2025-09-25,826.6,889.2633
MLT,2025-09-26,909.6,914.9979
MLT,2025-09-27,692.0,662.8405
MLT,2025-09-28,594.7,580.56085
MLT,2025-09-29,942.8,896.3529
MLT,2025-09-30,910.0,848.62036
MLT,2025-10-01,604.9,629.30505
MLT,2025-10-02,538.8,557.29346
MLT,2025-10-03,568.8,603.2487
MLT,2025-10-04,492.5,495.14255
MLT,2025-10-05,453.7,453.37958
MLT,2025-10-06,644.3,674.2508
MLT,2025-10-07,629.3,587.09717
MLT,2025-10-08,563.2,619.8149
MLT,2025-10-09,649.1,665.86005
MLT,2025-10-10,536.5,545.1642
MLT,2025-10-11,620.7,519.5818
MLT,2025-10-12,514.4,474.10394
MLT,2025-10-13,583.1,594.7287
MLT,2025-10-14,575.3,545.67395
MLT,2025-10-15,623.0,602.521
MLT,2025-10-16,627.6,606.3784
MLT,2025-10-17,496.6,510.77844
MLT,2025-10-18,496.2,512.37067
MLT,2025-10-19,375.3,398.36694
MLT,2025-10-20,605.2,631.1302
MLT,2025-10-21,723.7,685.4566
MLT,2025-10-22,572.1,624.0015
MLT,2025-10-23,665.8,637.96643
MLT,2025-10-24,612.6,646.2632
MLT,2025-10-25,534.0,534.498
MLT,2025-10-26,486.6,419.85965
MLT,2025-10-27,645.8,685.18463
MLT,2025-10-28,572.7,570.72076
MLT,2025-10-29,656.6,659.49963
MLT,2025-10-30,690.7,667.1365
MLT,2025-10-31,660.6,654.92346
MLT,2025-11-01,493.8,445.70798
MLT,2025-11-02,393.5,364.26993
MLT,2025-11-03,501.6,546.83075
MLT,2025-11-04,481.6,479.25244
MLT,2025-11-05,540.4,514.9229
MLT,2025-11-06,495.6,531.2057
MLT,2025-11-07,525.2,523.5069
MLT,2025-11-08,458.8,443.42908
MLT,2025-11-09,401.9,360.61652
MLT,2025-11-10,497.7,578.8333
MLT,2025-11-11,517.8,578.1396
MLT,2025-11-12,532.1,521.8863
MLT,2025-11-13,609.3,555.1835
MLT,2025-11-14,534.7,550.01385
MLT,2025-11-15,477.7,430.10098
MLT,2025-11-16,394.5,408.4997
MLT,2025-11-17,435.8,522.9257
MLT,2025-11-18,443.0,472.632
MLT,2025-11-19,489.6,507.60873
MLT,2025-11-20,557.5,578.90753
MLT,2025-11-21,530.7,561.33844
MLT,2025-11-22,424.7,423.18976
MLT,2025-11-23,380.1,402.0115
MLT,2025-11-24,497.7,545.20685
MLT,2025-11-25,484.2,449.66132
MLT,2025-11-26,532.3,538.1986
MLT,2025-11-27,479.2,462.20197
MLT,2025-11-28,505.1,488.73672
MLT,2025-11-29,451.1,470.27844
MLT,2025-11-30,420.2,380.73514
MLT,2025-12-01,523.9,486.0288
MLT,2025-12-02,524.3,527.545
MLT,2025-12-03,434.5,475.09097
MLT,2025-12-04,534.4,503.2928
MLT,2025-12-05,443.1,461.07452
MLT,2025-12-06,312.9,337.30054
MLT,2025-12-07,339.1,333.15222
MLT,2025-12-08,581.5,537.51996
MLT,2025-12-09,506.5,492.01324
MLT,2025-12-10,464.4,532.2806
MLT,2025-12-11,367.2,424.3885
MLT,2025-12-12,459.8,444.68127
MLT,2025-12-13,356.3,378.37286
MLT,2025-12-14,410.3,354.80197
MLT,2025-12-15,444.1,446.40225
MLT,2025-12-16,415.0,495.5444
MLT,2025-12-17,453.5,407.11435
MLT,2025-12-18,446.5,456.49142
MLT,2025-12-19,502.6,503.25464
MLT,2025-12-20,393.5,406.79828
MLT,2025-12-21,352.4,345.32468
MLT,2025-12-22,420.3,465.90408
MLT,2025-12-23,407.1,455.9382
MLT,2025-12-24,476.5,473.9279
MLT,2025-12-25,410.4,459.44904
MLT,2025-12-26,419.4,466.15472
MLT,2025-12-27,387.8,365.16592
MLT,2025-12-28,419.9,360.27637
MLT,2025-12-29,482.2,489.10532
MLT,2025-12-30,411.9,434.07922
MLT,2025-12-31,497.3,483.63324
MLT,2026-01-01,381.4,441.7179
MLT,2026-01-02,488.0,493.67487
MLT,2026-01-03,354.9,356.4828
MLT,2026-01-04,332.3,336.60214
MLT,2026-01-05,379.6,432.1911
MLT,2026-01-06,519.6,516.38525
MLT,2026-01-07,496.5,525.53723
MLT,2026-01-08,427.0,494.7723
MLT,2026-01-09,437.1,433.23624
MLT,2026-01-10,409.2,411.2622
MLT,2026-01-11,364.9,383.0747
MLT,2026-01-12,373.3,483.71515
MLT,2026-01-13,484.2,469.8967
MLT,2026-01-14,423.4,440.41675
MLT,2026-01-15,482.1,460.40012
MLT,2026-01-16,503.2,486.9902
MLT,2026-01-17,402.5,438.76672
MLT,2026-01-18,313.8,325.1714
MLT,2026-01-19,422.3,503.80698
MLT,2026-01-20,466.9,514.69916
MLT,2026-01-21,404.8,420.8807
MLT,2026-01-22,446.4,472.4672
MLT,2026-01-23,424.1,471.09622
MLT,2026-01-24,395.5,408.22073
MLT,2026-01-25,473.7,387.98495
MLT,2026-01-26,463.1,509.33737
MLT,2026-01-27,474.3,462.9467
MLT,2026-01-28,573.7,505.6057
MLT,2026-01-29,472.9,501.43842
MLT,2026-01-30,478.4,466.40048
MLT,2026-01-31,435.8,419.49835
MLT,2026-02-01,364.3,396.63715
MLT,2026-02-02,473.8,493.42706
MLT,2026-02-03,429.1,454.83606
MLT,2026-02-04,483.3,496.70663
MLT,2026-02-05,439.7,470.00748
MLT,2026-02-06,510.7,499.8636
MLT,2026-02-07,399.4,351.01907
MLT,2026-02-08,305.5,310.69226
MLT,2026-02-09,440.1,445.16446
MLT,2026-02-10,523.0,527.38727
MLT,2026-02-11,455.7,421.43927
MLT,2026-02-12,424.9,457.30728
MLT,2026-02-13,466.3,478.67175
MLT,2026-02-14,447.2,413.94983
MLT,2026-02-15,422.1,425.27075
MLT,2026-02-16,516.7,470.21997
MLT,2026-02-17,542.3,488.79065
MLT,2026-02-18,423.9,456.30624
MLT,2026-02-19,548.3,507.24286
MLT,2026-02-20,468.0,455.7484
MLT,2026-02-21,408.3,428.83463
MLT,2026-02-22,302.8,297.5633
MLT,2026-02-23,461.8,487.69907
MLT,2026-02-24,473.0,518.38135
MLT,2026-02-25,459.0,448.77786
MLT,2026-02-26,404.2,436.51346
MLT,2026-02-27,588.9,496.52106
MLT,2026-02-28,538.2,476.1578
MLT,2026-03-01,530.9,492.83054
MLT,2026-03-02,590.1,595.9869
MLT,2026-03-03,543.3,572.53754
MLT,2026-03-04,451.3,492.98413
MLT,2026-03-05,582.2,593.5439
MLT,2026-03-06,605.6,590.3231
MLT,2026-03-07,450.3,432.80017
MLT,2026-03-08,517.9,470.58218
MLT,2026-03-09,522.5,552.1044
MLT,2026-03-10,717.3,615.2079
MLT,2026-03-11,621.1,595.484
MLT,2026-03-12,684.2,631.71234
MLT,2026-03-13,560.3,560.9908
MLT,2026-03-14,456.2,465.2997
MLT,2026-03-15,383.7,434.40762
MLT,2026-03-16,587.3,603.66724
MLT,2026-03-17,551.8,533.22955
MLT,2026-03-18,560.9,549.6806
MLT,2026-03-19,586.9,577.2849
MLT,2026-03-20,594.5,611.60913
MLT,2026-03-21,506.9,488.35193
MLT,2026-03-22,465.5,458.6372
MLT,2026-03-23,652.9,598.88525
MLT,2026-03-24,599.5,582.4073
MLT,2026-03-25,552.5,535.2162
MLT,2026-03-26,527.1,575.2555
MLT,2026-03-27,567.2,535.6371
MLT,2026-03-28,413.6,434.18643
MLT,2026-03-29,359.7,404.59775
MLT,2026-03-30,568.7,561.258
MLT,2026-03-31,513.9,541.6884
MLT,2026-04-01,711.6,696.5866
MLT,2026-04-02,792.5,786.2621
MLT,2026-04-03,683.4,695.5319
MLT,2026-04-04,584.3,562.0636
MLT,2026-04-05,637.0,545.16675
MLT,2026-04-06,754.4,798.6579
MLT,2026-04-07,775.9,790.78973
MLT,2026-04-08,926.9,832.1008
MLT,2026-04-09,747.9,775.5191
MLT,2026-04-10,746.9,755.96295
MLT,2026-04-11,701.6,625.85046
MLT,2026-04-12,607.0,590.402
MLT,2026-04-13,759.0,774.09143
MLT,2026-04-14,717.1,706.8638
MLT,2026-04-15,844.9,779.5372
MLT,2026-04-16,809.3,709.7871
MLT,2026-04-17,930.5,859.06683
MLT,2026-04-18,772.1,648.6171
MLT,2026-04-19,607.4,608.0206
MLT,2026-04-20,846.7,780.2542
MLT,2026-04-21,778.5,797.24835
MLT,2026-04-22,804.7,742.28094
MLT,2026-04-23,710.6,765.5788
MLT,2026-04-24,710.2,821.51324
MLT,2026-04-25,606.5,607.3055
MLT,2026-04-26,625.6,609.5235
MLT,2026-04-27,707.8,760.706
MLT,2026-04-28,795.3,830.92773
MLT,2026-04-29,966.8,815.0294
MLT,2026-04-30,762.0,779.5848
MLT,2026-05-01,1009.3,989.21796
MLT,2026-05-02,738.9,718.94916
MLT,2026-05-03,801.5,735.9898
MLT,2026-05-04,1093.7,981.11084
MLT,2026-05-05,916.9,1022.7429
MLT,2026-05-06,1006.3,946.3022
MLT,2026-05-07,935.1,948.90906
MLT,2026-05-08,831.7,867.40515
MLT,2026-05-09,697.6,756.63257
MLT,2026-05-10,805.2,691.61127
MLT,2026-05-11,850.3,847.99194
MLT,2026-05-12,999.8,899.68616
MLT,2026-05-13,944.3,903.153
MLT,2026-05-14,963.4,923.0912
MLT,2026-05-15,1044.0,1010.7482
MLT,2026-05-16,658.9,656.8698
MLT,2026-05-17,654.2,699.22687
MLT,2026-05-18,954.5,971.8397
MLT,2026-05-19,1106.8,942.6036
MLT,2026-05-20,951.3,853.7011
MLT,2026-05-21,1010.9,964.16254
MLT,2026-05-22,878.7,912.7788
MLT,2026-05-23,860.1,862.69836
MLT,2026-05-24,756.6,724.3042
MLT,2026-05-25,944.9,1033.8119
MLT,2026-05-26,975.7,900.34106
MLT,2026-05-27,831.3,803.0551
MLT,2026-05-28,911.9,969.8409
MLT,2026-05-29,951.5,948.3385
MLT,2026-05-30,761.1,739.24335
MLT,2026-05-31,738.0,696.6109
MRS,2025-07-01,989.2,1005.37866
MRS,2025-07-02,993.2,1043.135
MRS,2025-07-03,1195.7,1136.8135
MRS,2025-07-04,1105.3,1088.8678
MRS,2025-07-05,1028.1,1027.5569
MRS,2025-07-06,724.1,791.7926
MRS,2025-07-07,1010.1,1127.572
MRS,2025-07-08,1426.2,1108.9813
MRS,2025-07-09,1006.8,985.8215
MRS,2025-07-10,1326.2,1140.0288
MRS,2025-07-11,1047.8,1056.7003
MRS,2025-07-12,789.7,834.8626
MRS,2025-07-13,811.8,883.209
MRS,2025-07-14,1088.6,1119.3208
MRS,2025-07-15,1032.5,1032.6345
MRS,2025-07-16,1014.8,945.0838
MRS,2025-07-17,1141.0,1100.2277
MRS,2025-07-18,964.2,1008.5668
MRS,2025-07-19,915.0,826.6653
MRS,2025-07-20,968.0,949.38
MRS,2025-07-21,1203.9,1166.072
MRS,2025-07-22,1083.5,1066.9745
MRS,2025-07-23,1169.6,1088.9294
MRS,2025-07-24,1179.0,1069.3611
MRS,2025-07-25,1274.3,1180.2545
MRS,2025-07-26,979.3,973.3109
MRS,2025-07-27,823.9,821.90796
MRS,2025-07-28,1194.6,1125.5117
MRS,2025-07-29,1104.5,1001.07275
MRS,2025-07-30,1270.6,1146.2087
MRS,2025-07-31,1303.7,1131.045
MRS,2025-08-01,1084.1,1000.7031
MRS,2025-08-02,971.5,909.39307
MRS,2025-08-03,771.8,810.54803
MRS,2025-08-04,1087.1,1101.2408
MRS,2025-08-05,1024.9,1006.19617
MRS,2025-08-06,1272.5,1095.389
MRS,2025-08-07,1151.0,1125.2546
MRS,2025-08-08,1153.6,1071.1044
MRS,2025-08-09,977.8,947.4489
MRS,2025-08-10,764.9,785.02014
MRS,2025-08-11,1107.4,1086.818
MRS,2025-08-12,1184.4,1086.613
MRS,2025-08-13,926.5,981.74243
MRS,2025-08-14,1002.2,1018.50836
MRS,2025-08-15,974.3,969.62476
MRS,2025-08-16,892.8,884.804
MRS,2025-08-17,858.9,836.9072
MRS,2025-08-18,1000.4,1059.2866
MRS,2025-08-19,1223.0,1115.1512
MRS,2025-08-20,1090.5,981.13904
MRS,2025-08-21,1190.8,1079.2999
MRS,2025-08-22,973.7,956.43414
MRS,2025-08-23,951.5,859.6122
MRS,2025-08-24,848.4,857.4879
MRS,2025-08-25,1018.7,1088.4695
MRS,2025-08-26,1195.3,1082.5953
MRS,2025-08-27,1007.0,1063.7134
MRS,2025-08-28,1113.5,1129.5525
MRS,2025-08-29,1005.6,961.2706
MRS,2025-08-30,852.5,845.8827
MRS,2025-08-31,837.2,849.935
MRS,2025-09-01,899.4,995.51416
MRS,2025-09-02,871.7,922.7077
MRS,2025-09-03,798.8,884.61707
MRS,2025-09-04,888.4,879.4814
MRS,2025-09-05,1050.3,969.0909
MRS,2025-09-06,864.9,744.46954
MRS,2025-09-07,617.6,691.03796
MRS,2025-09-08,864.3,945.3095
MRS,2025-09-09,908.9,867.56573
MRS,2025-09-10,1007.4,985.21497
MRS,2025-09-11,851.4,865.3731
MRS,2025-09-12,782.6,928.76624
MRS,2025-09-13,759.1,800.2099
MRS,2025-09-14,723.7,707.953
MRS,2025-09-15,1018.3,1066.3156
MRS,2025-09-16,867.0,883.05884
MRS,2025-09-17,808.5,824.97833
MRS,2025-09-18,670.1,837.0132
MRS,2025-09-19,857.1,875.022
MRS,2025-09-20,773.6,735.30975
MRS,2025-09-21,663.1,635.70447
MRS,2025-09-22,986.1,993.1338
MRS,2025-09-23,965.1,898.85114
MRS,2025-09-24,895.5,845.89905
MRS,2025-09-25,980.3,1013.5262
MRS,2025-09-26,887.6,865.7378
MRS,2025-09-27,799.8,839.5609
MRS,2025-09-28,781.8,725.051
MRS,2025-09-29,934.4,1026.838
MRS,2025-09-30,745.9,810.26666
MRS,2025-10-01,789.7,787.243
MRS,2025-10-02,651.3,688.9425
MRS,2025-10-03,752.4,741.51874
MRS,2025-10-04,505.6,530.22437
MRS,2025-10-05,579.6,549.0728
MRS,2025-10-06,723.2,695.16486
MRS,2025-10-07,703.4,659.2787
MRS,2025-10-08,786.6,728.0109
MRS,2025-10-09,726.0,733.648
MRS,2025-10-10,726.4,669.2722
MRS,2025-10-11,652.8,609.60815
MRS,2025-10-12,560.6,531.66235
MRS,2025-10-13,700.1,723.10254
MRS,2025-10-14,691.6,707.12634
MRS,2025-10-15,710.4,687.5818
MRS,2025-10-16,650.2,656.88544
MRS,2025-10-17,684.6,696.30963
MRS,2025-10-18,542.6,575.2054
MRS,2025-10-19,572.1,578.3814
MRS,2025-10-20,715.4,737.76465
MRS,2025-10-21,716.1,663.3783
MRS,2025-10-22,760.4,693.7093
MRS,2025-10-23,649.1,594.9186
MRS,2025-10-24,637.8,681.4617
MRS,2025-10-25,599.8,566.158
MRS,2025-10-26,489.4,466.4391
MRS,2025-10-27,731.7,720.8897
MRS,2025-10-28,673.5,682.48096
MRS,2025-10-29,697.9,687.59247
MRS,2025-10-30,706.2,727.11334
MRS,2025-10-31,622.0,652.57965
MRS,2025-11-01,480.3,486.94427
MRS,2025-11-02,517.6,503.05493
MRS,2025-11-03,522.1,563.31323
MRS,2025-11-04,619.3,558.5441
MRS,2025-11-05,682.3,664.5597
MRS,2025-11-06,662.6,678.966
MRS,2025-11-07,631.4,607.64685
MRS,2025-11-08,509.8,510.88898
MRS,2025-11-09,439.1,446.78653
MRS,2025-11-10,487.9,534.5621
MRS,2025-11-11,627.5,603.6625
MRS,2025-11-12,543.1,539.534
MRS,2025-11-13,557.6,549.5632
MRS,2025-11-14,590.7,591.7075
MRS,2025-11-15,535.8,538.0704
MRS,2025-11-16,479.0,462.90125
MRS,2025-11-17,513.2,554.86774
MRS,2025-11-18,493.3,506.59177
MRS,2025-11-19,540.3,521.8776
MRS,2025-11-20,584.1,562.07355
MRS,2025-11-21,635.0,650.3666
MRS,2025-11-22,469.2,456.30933
MRS,2025-11-23,500.4,474.65646
MRS,2025-11-24,625.3,599.3432
MRS,2025-11-25,578.2,557.18274
MRS,2025-11-26,496.8,527.0932
MRS,2025-11-27,713.5,607.95984
MRS,2025-11-28,524.7,570.9462
MRS,2025-11-29,501.6,474.08728
MRS,2025-11-30,531.2,490.58762
MRS,2025-12-01,490.3,563.18726
MRS,2025-12-02,579.0,595.9273
MRS,2025-12-03,596.8,600.88293
MRS,2025-12-04,449.3,463.13684
MRS,2025-12-05,618.1,642.529
MRS,2025-12-06,420.9,414.65656
MRS,2025-12-07,350.8,353.79657
MRS,2025-12-08,618.5,624.8605
MRS,2025-12-09,591.6,586.77295
MRS,2025-12-10,650.3,578.4682
MRS,2025-12-11,512.8,531.8273
MRS,2025-12-12,554.6,556.21466
MRS,2025-12-13,509.7,463.3567
MRS,2025-12-14,467.1,417.6992
MRS,2025-12-15,486.7,550.0527
MRS,2025-12-16,619.4,602.99664
MRS,2025-12-17,583.6,593.90265
MRS,2025-12-18,541.9,574.2488
MRS,2025-12-19,562.7,601.478
MRS,2025-12-20,460.4,431.21796
MRS,2025-12-21,439.1,404.30487
MRS,2025-12-22,568.4,571.8055
MRS,2025-12-23,536.7,545.4817
MRS,2025-12-24,494.1,499.20813
MRS,2025-12-25,601.1,583.30975
MRS,2025-12-26,600.1,605.37445
MRS,2025-12-27,497.4,472.93494
MRS,2025-12-28,398.1,366.2358
MRS,2025-12-29,551.8,580.93604
MRS,2025-12-30,569.6,613.42114
MRS,2025-12-31,573.5,534.168
MRS,2026-01-01,629.0,575.90814
MRS,2026-01-02,479.3,538.7869
MRS,2026-01-03,512.1,504.46497
MRS,2026-01-04,467.1,414.15286
MRS,2026-01-05,531.4,554.64526
MRS,2026-01-06,554.8,572.24536
MRS,2026-01-07,587.0,542.1912
MRS,2026-01-08,504.9,521.04956
MRS,2026-01-09,520.9,526.1604
MRS,2026-01-10,457.1,455.75247
MRS,2026-01-11,368.3,372.4657
MRS,2026-01-12,700.7,676.4265
MRS,2026-01-13,671.1,596.8763
MRS,2026-01-14,635.0,633.43726
MRS,2026-01-15,611.5,601.8723
MRS,2026-01-16,568.6,584.7227
MRS,2026-01-17,534.9,482.57938
MRS,2026-01-18,343.1,323.59778
MRS,2026-01-19,552.4,613.3218
MRS,2026-01-20,516.6,529.07635
MRS,2026-01-21,606.4,639.34625
MRS,2026-01-22,544.3,558.77325
MRS,2026-01-23,517.7,515.39514
MRS,2026-01-24,455.6,500.1925
MRS,2026-01-25,494.6,512.1458
MRS,2026-01-26,529.3,570.57965
MRS,2026-01-27,563.7,540.7426
MRS,2026-01-28,505.6,579.14014
MRS,2026-01-29,579.9,508.84894
MRS,2026-01-30,631.4,593.83026
MRS,2026-01-31,578.4,566.3477
MRS,2026-02-01,402.2,399.02087
MRS,2026-02-02,603.4,624.66864
MRS,2026-02-03,559.9,561.97876
MRS,2026-02-04,480.6,520.8898
MRS,2026-02-05,566.5,547.61926
MRS,2026-02-06,555.8,505.98837
MRS,2026-02-07,503.6,491.74188
MRS,2026-02-08,399.5,391.525
MRS,2026-02-09,523.1,553.7977
MRS,2026-02-10,521.7,541.0047
MRS,2026-02-11,473.1,469.3955
MRS,2026-02-12,588.4,618.46674
MRS,2026-02-13,595.8,588.58325
MRS,2026-02-14,497.2,492.57065
MRS,2026-02-15,391.0,432.37726
MRS,2026-02-16,480.2,517.1201
MRS,2026-02-17,597.9,570.9844
MRS,2026-02-18,496.7,536.1261
MRS,2026-02-19,552.7,547.4111
MRS,2026-02-20,451.7,508.68042
MRS,2026-02-21,626.1,522.9442
MRS,2026-02-22,451.0,425.47092
MRS,2026-02-23,632.2,585.3802
MRS,2026-02-24,565.5,548.3285
MRS,2026-02-25,538.6,536.537
MRS,2026-02-26,530.2,570.7271
MRS,2026-02-27,614.1,560.98376
MRS,2026-02-28,445.3,495.08463
MRS,2026-03-01,492.2,498.3944
MRS,2026-03-02,639.6,674.3433
MRS,2026-03-03,729.1,676.62616
MRS,2026-03-04,657.7,664.3075
MRS,2026-03-05,658.2,626.596
MRS,2026-03-06,720.6,680.9565
MRS,2026-03-07,592.6,597.53186
MRS,2026-03-08,556.6,530.71027
MRS,2026-03-09,654.8,671.6162
MRS,2026-03-10,750.5,637.3645
MRS,2026-03-11,645.3,700.20483
MRS,2026-03-12,733.5,645.4318
MRS,2026-03-13,627.9,627.24347
MRS,2026-03-14,599.3,614.7946
MRS,2026-03-15,551.9,522.41504
MRS,2026-03-16,675.3,650.18567
MRS,2026-03-17,700.2,715.86993
MRS,2026-03-18,642.1,682.201
MRS,2026-03-19,740.7,604.6465
MRS,2026-03-20,825.2,725.9898
MRS,2026-03-21,579.9,554.01697
MRS,2026-03-22,530.1,500.30774
MRS,2026-03-23,720.5,706.23016
MRS,2026-03-24,627.2,636.974
MRS,2026-03-25,630.4,711.4036
MRS,2026-03-26,667.9,655.5519
MRS,2026-03-27,619.8,603.69214
MRS,2026-03-28,648.9,562.7584
MRS,2026-03-29,508.8,517.0858
MRS,2026-03-30,630.4,682.3726
MRS,2026-03-31,644.1,646.5234
MRS,2026-04-01,1005.8,981.03986
MRS,2026-04-02,916.5,911.91534
MRS,2026-04-03,1014.1,918.50934
MRS,2026-04-04,857.4,737.52325
MRS,2026-04-05,635.6,570.45966
MRS,2026-04-06,857.3,943.6262
MRS,2026-04-07,896.9,924.74426
MRS,2026-04-08,850.2,848.27655
MRS,2026-04-09,806.7,818.3424
MRS,2026-04-10,932.2,902.30945
MRS,2026-04-11,816.7,743.64276
MRS,2026-04-12,623.9,681.1012
MRS,2026-04-13,883.5,890.5804
MRS,2026-04-14,906.6,865.2597
MRS,2026-04-15,841.0,904.63245
MRS,2026-04-16,887.0,874.6104
MRS,2026-04-17,909.1,860.00073
MRS,2026-04-18,803.5,743.1411
MRS,2026-04-19,661.9,712.35596
MRS,2026-04-20,804.2,860.41943
MRS,2026-04-21,1039.7,910.13904
MRS,2026-04-22,911.7,903.604
MRS,2026-04-23,908.7,871.0797
MRS,2026-04-24,873.2,949.4393
MRS,2026-04-25,810.4,729.4299
MRS,2026-04-26,738.9,683.17346
MRS,2026-04-27,868.2,937.4143
MRS,2026-04-28,875.7,867.6768
MRS,2026-04-29,934.2,876.29016
MRS,2026-04-30,985.2,927.7667
MRS,2026-05-01,1093.4,1009.0291
MRS,2026-05-02,827.1,806.79803
MRS,2026-05-03,674.3,696.325
MRS,2026-05-04,1102.2,1122.6746
MRS,2026-05-05,1299.5,1135.1426
MRS,2026-05-06,1113.3,1040.3654
MRS,2026-05-07,1258.2,1121.0939
MRS,2026-05-08,954.3,1030.0537
MRS,2026-05-09,969.5,850.8888
MRS,2026-05-10,894.2,823.0417
MRS,2026-05-11,1064.5,1102.0664
MRS,2026-05-12,1002.3,1026.3707
MRS,2026-05-13,974.6,925.1618
MRS,2026-05-14,892.3,1009.5964
MRS,2026-05-15,1042.1,1014.24023
MRS,2026-05-16,1045.3,933.3398
MRS,2026-05-17,838.2,837.4279
MRS,2026-05-18,1108.5,1128.1321
MRS,2026-05-19,1171.0,1004.5122
MRS,2026-05-20,1024.5,1015.8019
MRS,2026-05-21,1013.2,1019.2701
MRS,2026-05-22,1156.2,1073.3838
MRS,2026-05-23,924.6,870.9868
MRS,2026-05-24,788.0,785.5991
MRS,2026-05-25,1040.1,1086.1311
MRS,2026-05-26,996.6,1012.7733
MRS,2026-05-27,1229.4,1104.6501
MRS,2026-05-28,1023.5,1088.3522
MRS,2026-05-29,1051.4,1062.5637
MRS,2026-05-30,872.3,838.2436
MRS,2026-05-31,722.2,750.28485
PIR,2025-07-01,2052.8,1944.4675
PIR,2025-07-02,2167.5,2033.1917
PIR,2025-07-03,1933.7,1939.2937
PIR,2025-07-04,2224.2,2170.198
PIR,2025-07-05,1692.4,1669.6732
PIR,2025-07-06,1626.2,1602.2954
PIR,2025-07-07,1704.6,1929.1489
PIR,2025-07-08,2134.8,1925.5333
PIR,2025-07-09,2248.3,2042.0367
PIR,2025-07-10,2023.0,1918.9419
PIR,2025-07-11,2113.7,1814.1838
PIR,2025-07-12,1899.7,1610.1855
PIR,2025-07-13,1611.6,1598.1034
PIR,2025-07-14,2082.9,2082.8127
PIR,2025-07-15,2026.5,1865.7415
PIR,2025-07-16,1971.2,1802.1656
PIR,2025-07-17,2258.0,2217.0808
PIR,2025-07-18,2102.4,1848.9386
PIR,2025-07-19,1791.0,1704.7456
PIR,2025-07-20,1248.3,1347.4132
PIR,2025-07-21,1910.5,2017.8164
PIR,2025-07-22,1991.5,1886.1212
PIR,2025-07-23,2071.1,2084.5188
PIR,2025-07-24,1789.7,1775.0338
PIR,2025-07-25,1863.1,1831.658
PIR,2025-07-26,1903.2,1669.5481
PIR,2025-07-27,1352.5,1448.1482
PIR,2025-07-28,1732.7,1958.0776
PIR,2025-07-29,1947.7,1924.2816
PIR,2025-07-30,2000.7,2028.6965
PIR,2025-07-31,1827.4,1970.1237
PIR,2025-08-01,1620.1,1702.6991
PIR,2025-08-02,1590.1,1519.7195
PIR,2025-08-03,1321.1,1428.4554
PIR,2025-08-04,1801.9,1849.0839
PIR,2025-08-05,2032.8,1922.0082
PIR,2025-08-06,2185.7,2020.5532
PIR,2025-08-07,1897.8,1868.7534
PIR,2025-08-08,1602.6,1644.8699
PIR,2025-08-09,1668.9,1593.5332
PIR,2025-08-10,1400.4,1520.3292
PIR,2025-08-11,2268.1,2038.3325
PIR,2025-08-12,1643.2,1721.7998
PIR,2025-08-13,1858.2,1925.8772
PIR,2025-08-14,1874.9,1790.1055
PIR,2025-08-15,1823.4,1910.8519
PIR,2025-08-16,1715.2,1601.9202
PIR,2025-08-17,1538.9,1402.5961
PIR,2025-08-18,1886.2,1840.5192
PIR,2025-08-19,1738.5,1686.5525
PIR,2025-08-20,2058.7,2080.3008
PIR,2025-08-21,1902.1,1820.4047
PIR,2025-08-22,1809.9,1869.3523
PIR,2025-08-23,1597.6,1557.4796
PIR,2025-08-24,1336.4,1485.6545
PIR,2025-08-25,1722.3,2004.3959
PIR,2025-08-26,1784.6,1768.2147
PIR,2025-08-27,2124.7,1953.3052
PIR,2025-08-28,1988.2,1878.939
PIR,2025-08-29,2057.1,1818.9109
PIR,2025-08-30,1829.2,1657.6399
PIR,2025-08-31,1491.7,1499.0388
PIR,2025-09-01,1541.2,1616.075
PIR,2025-09-02,1724.1,1619.0463
PIR,2025-09-03,1446.0,1477.1459
PIR,2025-09-04,1688.6,1678.6517
PIR,2025-09-05,1496.2,1676.8351
PIR,2025-09-06,1310.3,1279.7319
PIR,2025-09-07,1224.5,1185.9235
PIR,2025-09-08,1684.0,1672.8988
PIR,2025-09-09,1508.6,1502.6738
PIR,2025-09-10,1613.5,1731.3127
PIR,2025-09-11,1742.5,1691.0004
PIR,2025-09-12,1637.3,1663.3538
PIR,2025-09-13,1568.2,1430.741
PIR,2025-09-14,980.2,1107.9891
PIR,2025-09-15,1628.3,1637.397
PIR,2025-09-16,2061.9,1770.3744
PIR,2025-09-17,1621.5,1638.5125
PIR,2025-09-18,1569.2,1600.9313
PIR,2025-09-19,1591.4,1606.5422
PIR,2025-09-20,1374.6,1319.3232
PIR,2025-09-21,1313.8,1245.894
PIR,2025-09-22,1540.3,1574.8989
PIR,2025-09-23,1542.1,1553.6154
PIR,2025-09-24,1674.6,1602.1515
PIR,2025-09-25,1662.0,1611.5216
PIR,2025-09-26,1549.1,1568.9641
PIR,2025-09-27,1521.1,1414.3538
PIR,2025-09-28,1307.8,1369.6422
PIR,2025-09-29,1650.2,1678.6903
PIR,2025-09-30,1812.6,1656.911
PIR,2025-10-01,1382.7,1234.0492
PIR,2025-10-02,1135.5,1196.0901
PIR,2025-10-03,1182.3,1248.648
PIR,2025-10-04,1027.7,924.1013
PIR,2025-10-05,876.3,957.3768
PIR,2025-10-06,1081.6,1133.2618
PIR,2025-10-07,1102.4,1126.9463
PIR,2025-10-08,1249.9,1236.4252
PIR,2025-10-09,1088.3,1131.5753
PIR,2025-10-10,1095.3,1097.5594
PIR,2025-10-11,972.6,976.4226
PIR,2025-10-12,896.4,953.3288
PIR,2025-10-13,1063.5,1180.9305
PIR,2025-10-14,1087.3,1097.7476
PIR,2025-10-15,1255.0,1262.572
PIR,2025-10-16,1032.3,1147.2961
PIR,2025-10-17,1129.0,1200.3105
PIR,2025-10-18,1005.7,1087.2676
PIR,2025-10-19,889.5,976.9882
PIR,2025-10-20,1290.1,1305.2036
PIR,2025-10-21,1180.2,1205.4861
PIR,2025-10-22,1256.6,1216.8009
PIR,2025-10-23,1131.8,1109.1107
PIR,2025-10-24,1174.0,1184.2902
PIR,2025-10-25,1011.3,962.95624
PIR,2025-10-26,932.7,954.78394
PIR,2025-10-27,1035.5,1236.0586
PIR,2025-10-28,1266.6,1226.2157
PIR,2025-10-29,1177.0,1171.9397
PIR,2025-10-30,992.2,1102.1215
PIR,2025-10-31,1118.4,1114.8546
PIR,2025-11-01,775.0,836.08777
PIR,2025-11-02,698.0,728.15314
PIR,2025-11-03,913.5,973.43677
PIR,2025-11-04,863.4,875.1264
PIR,2025-11-05,972.9,1036.3931
PIR,2025-11-06,978.2,1011.59644
PIR,2025-11-07,954.1,1031.4714
PIR,2025-11-08,719.5,738.18054
PIR,2025-11-09,812.4,786.252
PIR,2025-11-10,1131.8,1038.0906
PIR,2025-11-11,958.7,983.9766
PIR,2025-11-12,1005.0,904.1705
PIR,2025-11-13,1055.0,963.9033
PIR,2025-11-14,932.8,955.43475
PIR,2025-11-15,901.4,874.24646
PIR,2025-11-16,855.3,889.65753
PIR,2025-11-17,931.9,960.56946
PIR,2025-11-18,1155.7,1019.42865
PIR,2025-11-19,908.0,930.5963
PIR,2025-11-20,959.8,993.9084
PIR,2025-11-21,1007.8,1048.8776
PIR,2025-11-22,925.5,887.0719
PIR,2025-11-23,731.3,718.6603
PIR,2025-11-24,842.3,975.4907
PIR,2025-11-25,1030.6,1024.114
PIR,2025-11-26,1179.8,1055.2058
PIR,2025-11-27,885.3,933.64
PIR,2025-11-28,908.4,914.0697
PIR,2025-11-29,828.7,755.7363
PIR,2025-11-30,775.3,741.93945
PIR,2025-12-01,876.8,990.3583
PIR,2025-12-02,861.5,940.769
PIR,2025-12-03,907.9,948.2111
PIR,2025-12-04,810.7,812.9305
PIR,2025-12-05,894.2,885.73914
PIR,2025-12-06,718.6,714.9789
PIR,2025-12-07,680.6,688.3768
PIR,2025-12-08,918.7,950.71466
PIR,2025-12-09,842.1,836.0889
PIR,2025-12-10,931.2,964.4128
PIR,2025-12-11,966.3,899.27277
PIR,2025-12-12,875.7,885.7411
PIR,2025-12-13,674.2,729.26056
PIR,2025-12-14,732.0,734.42834
PIR,2025-12-15,1036.1,1015.65247
PIR,2025-12-16,813.6,902.2147
PIR,2025-12-17,1005.1,941.24725
PIR,2025-12-18,839.1,888.1436
PIR,2025-12-19,816.6,891.9526
PIR,2025-12-20,793.2,744.8896
PIR,2025-12-21,611.5,616.3493
PIR,2025-12-22,836.5,956.31006
PIR,2025-12-23,783.2,839.7771
PIR,2025-12-24,700.8,770.0638
PIR,2025-12-25,908.3,965.9603
PIR,2025-12-26,782.8,793.12286
PIR,2025-12-27,855.4,830.5793
PIR,2025-12-28,653.2,659.586
PIR,2025-12-29,851.1,886.7308
PIR,2025-12-30,979.1,943.2747
PIR,2025-12-31,936.5,971.5545
PIR,2026-01-01,899.6,845.2629
PIR,2026-01-02,1022.4,956.0114
PIR,2026-01-03,688.8,751.674
PIR,2026-01-04,673.2,725.4296
PIR,2026-01-05,866.9,897.5232
PIR,2026-01-06,900.2,885.5575
PIR,2026-01-07,925.3,895.1183
PIR,2026-01-08,946.7,901.4639
PIR,2026-01-09,799.6,844.05383
PIR,2026-01-10,803.1,790.14417
PIR,2026-01-11,684.2,650.3499
PIR,2026-01-12,1037.2,991.9029
PIR,2026-01-13,1009.1,946.17145
PIR,2026-01-14,856.8,956.0818
PIR,2026-01-15,919.4,903.6474
PIR,2026-01-16,1032.7,996.97754
PIR,2026-01-17,781.5,726.7817
PIR,2026-01-18,714.0,704.01556
PIR,2026-01-19,805.3,883.36914
PIR,2026-01-20,852.8,901.95496
PIR,2026-01-21,962.6,903.48505
PIR,2026-01-22,957.2,920.152
PIR,2026-01-23,1040.2,926.07654
PIR,2026-01-24,697.8,751.99524
PIR,2026-01-25,551.3,622.97534
PIR,2026-01-26,899.3,962.87885
PIR,2026-01-27,911.9,889.77686
PIR,2026-01-28,996.6,925.09186
PIR,2026-01-29,873.9,846.3313
PIR,2026-01-30,857.6,902.3167
PIR,2026-01-31,806.4,747.93744
PIR,2026-02-01,610.4,678.8369
PIR,2026-02-02,934.1,932.71295
PIR,2026-02-03,1097.3,954.2556
PIR,2026-02-04,887.3,937.4409
PIR,2026-02-05,883.7,884.2589
PIR,2026-02-06,776.1,875.7568
PIR,2026-02-07,742.5,753.5783
PIR,2026-02-08,726.3,657.0172
PIR,2026-02-09,932.8,890.28394
PIR,2026-02-10,969.0,963.2232
PIR,2026-02-11,893.5,904.5607
PIR,2026-02-12,969.6,999.74994
PIR,2026-02-13,897.8,887.09705
PIR,2026-02-14,895.6,795.7897
PIR,2026-02-15,665.5,650.3199
PIR,2026-02-16,863.2,895.6399
PIR,2026-02-17,861.9,852.0118
PIR,2026-02-18,894.2,925.61035
PIR,2026-02-19,949.8,902.4038
PIR,2026-02-20,833.1,859.6581
PIR,2026-02-21,789.9,823.1261
PIR,2026-02-22,698.3,680.21454
PIR,2026-02-23,973.0,940.5456
PIR,2026-02-24,802.2,907.6924
PIR,2026-02-25,775.6,831.336
PIR,2026-02-26,984.7,935.95703
PIR,2026-02-27,861.7,884.57385
PIR,2026-02-28,703.6,779.2812
PIR,2026-03-01,837.9,818.4942
PIR,2026-03-02,978.5,1103.3608
PIR,2026-03-03,1093.0,1057.0255
PIR,2026-03-04,1042.2,1062.6862
PIR,2026-03-05,1098.2,1068.4636
PIR,2026-03-06,1184.4,1031.9406
PIR,2026-03-07,1141.3,1003.1248
PIR,2026-03-08,733.6,813.3532
PIR,2026-03-09,1038.3,1120.9879
PIR,2026-03-10,1201.8,1116.0406
PIR,2026-03-11,1134.3,1131.6786
PIR,2026-03-12,1082.2,1047.798
PIR,2026-03-13,1042.7,1144.8756
PIR,2026-03-14,888.3,925.145
PIR,2026-03-15,819.9,866.6325
PIR,2026-03-16,1122.4,1157.7618
PIR,2026-03-17,1193.2,1101.7068
PIR,2026-03-18,1042.9,1026.7433
PIR,2026-03-19,1261.5,1120.7926
PIR,2026-03-20,1213.2,1107.0457
PIR,2026-03-21,1061.6,966.66113
PIR,2026-03-22,934.0,896.4283
PIR,2026-03-23,1109.2,1168.2891
PIR,2026-03-24,905.6,1032.5283
PIR,2026-03-25,985.3,1096.5836
PIR,2026-03-26,1183.6,1130.7728
PIR,2026-03-27,1058.0,998.2523
PIR,2026-03-28,1027.5,941.4367
PIR,2026-03-29,835.8,889.98694
PIR,2026-03-30,1212.8,1215.4695
PIR,2026-03-31,1146.8,1083.8617
PIR,2026-04-01,1542.9,1474.3872
PIR,2026-04-02,1482.7,1470.5684
PIR,2026-04-03,1286.6,1327.7009
PIR,2026-04-04,1352.1,1298.009
PIR,2026-04-05,1077.0,1044.7249
PIR,2026-04-06,1615.2,1551.3218
PIR,2026-04-07,1217.9,1281.6101
PIR,2026-04-08,1697.9,1414.4103
PIR,2026-04-09,1678.1,1559.6714
PIR,2026-04-10,1694.9,1613.5283
PIR,2026-04-11,1183.5,1206.0006
PIR,2026-04-12,1210.7,1158.2684
PIR,2026-04-13,1340.2,1460.8599
PIR,2026-04-14,1412.6,1368.9203
PIR,2026-04-15,1642.9,1425.6967
PIR,2026-04-16,1428.7,1402.0657
PIR,2026-04-17,1401.5,1451.4376
PIR,2026-04-18,1404.2,1339.3112
PIR,2026-04-19,1187.9,1223.0658
PIR,2026-04-20,1592.4,1519.9227
PIR,2026-04-21,1466.2,1337.2963
PIR,2026-04-22,1341.2,1358.6031
PIR,2026-04-23,1458.9,1456.0725
PIR,2026-04-24,1373.0,1401.3555
PIR,2026-04-25,1053.1,1178.1342
PIR,2026-04-26,1117.1,1116.4965
PIR,2026-04-27,1489.1,1453.1016
PIR,2026-04-28,1429.0,1393.8596
PIR,2026-04-29,1470.4,1525.409
PIR,2026-04-30,1424.8,1441.7924
PIR,2026-05-01,1585.5,1646.2273
PIR,2026-05-02,1462.8,1424.8784
PIR,2026-05-03,1163.4,1252.242
PIR,2026-05-04,1817.2,1780.1731
PIR,2026-05-05,1811.4,1679.8192
PIR,2026-05-06,1691.0,1745.4623
PIR,2026-05-07,1599.7,1611.9755
PIR,2026-05-08,1827.7,1805.1244
PIR,2026-05-09,1677.6,1573.8616
PIR,2026-05-10,1125.4,1235.9409
PIR,2026-05-11,1913.7,1837.2693
PIR,2026-05-12,1716.6,1631.8752
PIR,2026-05-13,1935.2,1782.1298
PIR,2026-05-14,1676.4,1762.4902
PIR,2026-05-15,1677.5,1711.4686
PIR,2026-05-16,1623.3,1601.3079
PIR,2026-05-17,1353.2,1457.2738
PIR,2026-05-18,1580.1,1723.948
PIR,2026-05-19,1754.6,1642.6278
PIR,2026-05-20,1713.3,1556.1501
PIR,2026-05-21,1691.3,1752.2013
PIR,2026-05-22,1855.2,1763.9197
PIR,2026-05-23,1314.7,1483.4073
PIR,2026-05-24,1177.6,1342.8585
PIR,2026-05-25,1701.3,1762.8079
PIR,2026-05-26,1754.2,1694.4656
PIR,2026-05-27,1859.2,1796.7496
PIR,2026-05-28,1760.9,1712.6692
PIR,2026-05-29,1754.8,1722.963
PIR,2026-05-30,1625.0,1508.5575
PIR,2026-05-31,1217.6,1265.5808
PSD,2025-07-01,1559.5,1663.8881
PSD,2025-07-02,1762.8,1711.5464
PSD,2025-07-03,1875.6,1784.292
PSD,2025-07-04,1918.2,1777.3998
PSD,2025-07-05,1483.3,1521.4795
PSD,2025-07-06,1533.5,1510.6079
PSD,2025-07-07,1755.9,1796.0564
PSD,2025-07-08,1842.2,1762.5901
PSD,2025-07-09,1608.4,1661.5735
PSD,2025-07-10,2039.4,1812.2354
PSD,2025-07-11,1950.9,1903.0562
PSD,2025-07-12,1543.4,1525.0115
PSD,2025-07-13,1211.9,1256.2645
PSD,2025-07-14,1745.2,1751.7811
PSD,2025-07-15,1765.2,1739.8033
PSD,2025-07-16,1872.5,1698.7349
PSD,2025-07-17,1999.3,1836.6842
PSD,2025-07-18,1953.8,1874.2369
PSD,2025-07-19,1631.4,1547.2074
PSD,2025-07-20,1549.8,1385.8152
PSD,2025-07-21,1881.4,1888.2579
PSD,2025-07-22,1971.2,1796.9994
PSD,2025-07-23,1675.2,1891.426
PSD,2025-07-24,1717.6,1823.5153
PSD,2025-07-25,2078.8,1823.3245
PSD,2025-07-26,1668.9,1524.9734
PSD,2025-07-27,1230.6,1291.089
PSD,2025-07-28,2012.1,1916.8047
PSD,2025-07-29,1998.6,1681.2563
PSD,2025-07-30,1897.8,1719.5205
PSD,2025-07-31,1782.4,1666.0537
PSD,2025-08-01,1901.1,1712.5104
PSD,2025-08-02,1303.3,1356.3422
PSD,2025-08-03,1398.7,1400.7118
PSD,2025-08-04,1763.4,1750.4873
PSD,2025-08-05,1933.6,1746.808
PSD,2025-08-06,1446.7,1676.4565
PSD,2025-08-07,1562.7,1566.4417
PSD,2025-08-08,1820.2,1669.11
PSD,2025-08-09,1534.1,1368.476
PSD,2025-08-10,1391.6,1343.7388
PSD,2025-08-11,1687.5,1820.0708
PSD,2025-08-12,2050.3,1630.7451
PSD,2025-08-13,1453.5,1708.0449
PSD,2025-08-14,1808.3,1631.9413
PSD,2025-08-15,1874.7,1689.7306
PSD,2025-08-16,1601.5,1523.4685
PSD,2025-08-17,1420.0,1316.7402
PSD,2025-08-18,1565.9,1640.2573
PSD,2025-08-19,1671.4,1707.2351
PSD,2025-08-20,1672.4,1703.4838
PSD,2025-08-21,1660.0,1703.76
PSD,2025-08-22,1818.7,1736.8112
PSD,2025-08-23,1488.9,1450.9354
PSD,2025-08-24,1136.5,1246.1481
PSD,2025-08-25,1602.8,1797.1287
PSD,2025-08-26,1681.3,1636.2592
PSD,2025-08-27,1919.1,1874.2766
PSD,2025-08-28,2089.5,1840.6263
PSD,2025-08-29,1607.0,1632.7787
PSD,2025-08-30,1170.0,1299.3982
PSD,2025-08-31,1316.3,1341.3763
PSD,2025-09-01,1526.1,1565.1465
PSD,2025-09-02,1804.1,1645.6963
PSD,2025-09-03,1489.3,1523.3019
PSD,2025-09-04,1449.1,1482.7762
PSD,2025-09-05,1490.9,1416.4513
PSD,2025-09-06,1236.6,1276.5795
PSD,2025-09-07,1212.2,1220.2792
PSD,2025-09-08,1332.3,1446.03
PSD,2025-09-09,1194.6,1329.6824
PSD,2025-09-10,1545.9,1434.0286
PSD,2025-09-11,1549.9,1563.5441
PSD,2025-09-12,1630.4,1541.5735
PSD,2025-09-13,1505.5,1383.1154
PSD,2025-09-14,1111.8,1032.8557
PSD,2025-09-15,1450.0,1475.4199
PSD,2025-09-16,1588.4,1530.8904
PSD,2025-09-17,1367.6,1454.3589
PSD,2025-09-18,1226.2,1372.7886
PSD,2025-09-19,1359.1,1435.0475
PSD,2025-09-20,1361.8,1228.8875
PSD,2025-09-21,956.5,1096.7867
PSD,2025-09-22,1190.2,1469.3744
PSD,2025-09-23,1657.2,1499.6947
PSD,2025-09-24,1571.5,1507.0406
PSD,2025-09-25,1613.5,1618.1866
PSD,2025-09-26,1644.3,1511.8993
PSD,2025-09-27,1453.8,1320.5758
PSD,2025-09-28,1223.3,1185.2101
PSD,2025-09-29,1279.2,1471.8243
PSD,2025-09-30,1450.3,1468.2916
PSD,2025-10-01,1196.1,1242.9457
PSD,2025-10-02,1311.9,1220.2987
PSD,2025-10-03,1014.3,1164.8835
PSD,2025-10-04,945.2,1029.9678
PSD,2025-10-05,813.4,864.71136
PSD,2025-10-06,1187.4,1206.5005
PSD,2025-10-07,1334.1,1173.9105
PSD,2025-10-08,1293.4,1268.1744
PSD,2025-10-09,1156.9,1197.8782
PSD,2025-10-10,1193.3,1199.6825
PSD,2025-10-11,1005.5,1037.9291
PSD,2025-10-12,928.9,894.0143
PSD,2025-10-13,1158.5,1217.3866
PSD,2025-10-14,1078.0,1060.8741
PSD,2025-10-15,1122.0,1027.5791
PSD,2025-10-16,1137.7,1129.6979
PSD,2025-10-17,1250.6,1254.5537
PSD,2025-10-18,971.1,968.10504
PSD,2025-10-19,898.1,871.6138
PSD,2025-10-20,1287.8,1267.616
PSD,2025-10-21,1119.9,1159.2146
PSD,2025-10-22,1281.2,1207.4927
PSD,2025-10-23,1131.3,1105.8605
PSD,2025-10-24,1145.8,1192.8325
PSD,2025-10-25,997.1,940.5786
PSD,2025-10-26,792.8,803.7899
PSD,2025-10-27,1255.2,1372.3257
PSD,2025-10-28,1234.0,1220.94
PSD,2025-10-29,1250.8,1239.7045
PSD,2025-10-30,1168.4,1186.179
PSD,2025-10-31,1263.1,1116.2568
PSD,2025-11-01,820.4,829.3402
PSD,2025-11-02,696.8,682.5331
PSD,2025-11-03,828.3,879.534
PSD,2025-11-04,918.8,919.46936
PSD,2025-11-05,934.3,922.5668
PSD,2025-11-06,788.5,909.6854
PSD,2025-11-07,1114.1,978.91797
PSD,2025-11-08,925.8,828.1558
PSD,2025-11-09,672.1,732.266
PSD,2025-11-10,905.9,974.0177
PSD,2025-11-11,841.6,938.34393
PSD,2025-11-12,781.0,838.8115
PSD,2025-11-13,1082.6,1041.2285
PSD,2025-11-14,977.1,949.9819
PSD,2025-11-15,846.6,797.2527
PSD,2025-11-16,746.8,760.1184
PSD,2025-11-17,977.1,965.68024
PSD,2025-11-18,835.7,861.9671
PSD,2025-11-19,949.7,928.4015
PSD,2025-11-20,1045.7,1058.0327
PSD,2025-11-21,869.4,924.72784
PSD,2025-11-22,792.6,811.28894
PSD,2025-11-23,814.8,768.704
PSD,2025-11-24,1126.7,971.6493
PSD,2025-11-25,811.8,843.73627
PSD,2025-11-26,985.3,978.08374
PSD,2025-11-27,833.5,920.78845
PSD,2025-11-28,927.7,909.72144
PSD,2025-11-29,730.7,728.07544
PSD,2025-11-30,624.9,654.17
PSD,2025-12-01,924.1,954.0901
PSD,2025-12-02,879.1,861.88983
PSD,2025-12-03,909.1,924.7171
PSD,2025-12-04,907.4,879.1171
PSD,2025-12-05,917.0,878.60315
PSD,2025-12-06,801.9,751.6712
PSD,2025-12-07,732.3,710.96375
PSD,2025-12-08,818.5,1009.61536
PSD,2025-12-09,894.0,875.57654
PSD,2025-12-10,878.7,850.8319
PSD,2025-12-11,968.6,984.4162
PSD,2025-12-12,975.3,935.37683
PSD,2025-12-13,768.1,794.05035
PSD,2025-12-14,661.7,677.21606
PSD,2025-12-15,943.8,960.8492
PSD,2025-12-16,1007.6,951.3407
PSD,2025-12-17,847.6,909.64825
PSD,2025-12-18,1085.5,933.6864
PSD,2025-12-19,1046.2,971.3362
PSD,2025-12-20,891.7,778.715
PSD,2025-12-21,702.8,689.3047
PSD,2025-12-22,838.3,932.12006
PSD,2025-12-23,989.4,928.1312
PSD,2025-12-24,939.4,929.76196
PSD,2025-12-25,840.6,922.7623
PSD,2025-12-26,843.3,931.3532
PSD,2025-12-27,820.8,791.8479
PSD,2025-12-28,746.4,737.4244
PSD,2025-12-29,952.8,986.6699
PSD,2025-12-30,956.9,904.92865
PSD,2025-12-31,871.2,848.03754
PSD,2026-01-01,933.8,924.0322
PSD,2026-01-02,847.5,881.2723
PSD,2026-01-03,571.0,696.55597
PSD,2026-01-04,681.0,737.45624
PSD,2026-01-05,1016.0,957.1324
PSD,2026-01-06,888.3,868.4399
PSD,2026-01-07,907.5,900.1805
PSD,2026-01-08,943.0,942.0011
PSD,2026-01-09,1006.8,912.6668
PSD,2026-01-10,774.1,749.9295
PSD,2026-01-11,832.3,796.4558
PSD,2026-01-12,886.9,935.241
PSD,2026-01-13,978.9,938.98505
PSD,2026-01-14,969.0,933.58325
PSD,2026-01-15,1022.6,925.30115
PSD,2026-01-16,887.9,850.70276
PSD,2026-01-17,775.8,773.569
PSD,2026-01-18,680.6,752.5388
PSD,2026-01-19,842.9,936.1827
PSD,2026-01-20,870.4,860.5297
PSD,2026-01-21,919.0,926.00104
PSD,2026-01-22,915.7,936.3632
PSD,2026-01-23,978.0,957.5082
PSD,2026-01-24,885.0,839.4502
PSD,2026-01-25,755.1,730.8313
PSD,2026-01-26,812.5,891.3945
PSD,2026-01-27,876.2,853.1834
PSD,2026-01-28,940.9,969.71643
PSD,2026-01-29,819.7,843.8691
PSD,2026-01-30,896.0,892.0025
PSD,2026-01-31,803.5,819.1121
PSD,2026-02-01,668.4,674.4302
PSD,2026-02-02,730.3,899.63464
PSD,2026-02-03,980.9,913.52313
PSD,2026-02-04,947.8,989.38666
PSD,2026-02-05,831.8,779.59314
PSD,2026-02-06,966.1,902.14954
PSD,2026-02-07,737.0,778.97375
PSD,2026-02-08,720.5,708.652
PSD,2026-02-09,978.4,949.3355
PSD,2026-02-10,971.9,976.91125
PSD,2026-02-11,966.9,941.4422
PSD,2026-02-12,934.0,899.25616
PSD,2026-02-13,936.4,897.718
PSD,2026-02-14,722.6,783.6391
PSD,2026-02-15,616.8,671.3372
PSD,2026-02-16,871.9,946.37744
PSD,2026-02-17,940.4,860.2855
PSD,2026-02-18,1030.7,963.6327
PSD,2026-02-19,1067.6,906.03766
PSD,2026-02-20,976.6,891.89636
PSD,2026-02-21,778.1,798.4536
PSD,2026-02-22,680.5,770.1772
PSD,2026-02-23,1083.5,960.995
PSD,2026-02-24,870.8,882.26276
PSD,2026-02-25,824.3,911.5006
PSD,2026-02-26,812.3,899.7955
PSD,2026-02-27,969.8,950.86304
PSD,2026-02-28,671.4,720.00684
PSD,2026-03-01,860.4,794.3132
PSD,2026-03-02,1179.6,1182.993
PSD,2026-03-03,1059.5,1068.3398
PSD,2026-03-04,1194.4,1106.1963
PSD,2026-03-05,1280.4,1204.1686
PSD,2026-03-06,1122.1,1114.0465
PSD,2026-03-07,980.7,951.253
PSD,2026-03-08,941.8,894.2732
PSD,2026-03-09,1206.2,1296.6058
PSD,2026-03-10,1262.3,1218.754
PSD,2026-03-11,1356.8,1220.5568
PSD,2026-03-12,993.0,1103.549
PSD,2026-03-13,978.6,1093.8774
PSD,2026-03-14,832.7,882.73596
PSD,2026-03-15,931.0,900.9584
PSD,2026-03-16,1034.7,1113.2334
PSD,2026-03-17,1312.6,1221.2249
PSD,2026-03-18,1055.6,1113.3079
PSD,2026-03-19,1043.7,1074.6244
PSD,2026-03-20,1074.5,1097.9222
PSD,2026-03-21,949.6,861.8271
PSD,2026-03-22,869.3,868.9304
PSD,2026-03-23,1131.9,1167.4279
PSD,2026-03-24,1174.3,1143.9011
PSD,2026-03-25,1244.2,1242.6681
PSD,2026-03-26,1122.2,1101.1047
PSD,2026-03-27,1006.1,1072.7286
PSD,2026-03-28,879.9,941.8374
PSD,2026-03-29,842.1,883.4011
PSD,2026-03-30,1071.6,1177.3575
PSD,2026-03-31,1130.3,1134.3405
PSD,2026-04-01,1443.1,1372.7201
PSD,2026-04-02,1575.1,1459.7114
PSD,2026-04-03,1392.8,1372.5514
PSD,2026-04-04,1253.0,1237.0043
PSD,2026-04-05,1091.2,1025.3998
PSD,2026-04-06,1606.9,1530.3378
PSD,2026-04-07,1362.5,1353.4216
PSD,2026-04-08,1347.7,1331.4202
PSD,2026-04-09,1456.9,1465.5557
PSD,2026-04-10,1344.2,1422.632
PSD,2026-04-11,1276.0,1224.1825
PSD,2026-04-12,1023.8,1095.1066
PSD,2026-04-13,1711.8,1662.4445
PSD,2026-04-14,1304.2,1357.9163
PSD,2026-04-15,1297.7,1418.3815
PSD,2026-04-16,1569.4,1578.4714
PSD,2026-04-17,1763.8,1538.8645
PSD,2026-04-18,1395.1,1279.5505
PSD,2026-04-19,1117.8,1081.6528
PSD,2026-04-20,1580.6,1525.655
PSD,2026-04-21,1538.1,1354.7839
PSD,2026-04-22,1399.8,1491.4037
PSD,2026-04-23,1669.2,1531.8684
PSD,2026-04-24,1323.1,1433.4608
PSD,2026-04-25,1181.5,1186.5043
PSD,2026-04-26,1190.8,1093.4148
PSD,2026-04-27,1339.8,1366.6804
PSD,2026-04-28,1435.5,1394.1442
PSD,2026-04-29,1511.5,1419.1846
PSD,2026-04-30,1250.5,1228.5216
PSD,2026-05-01,1848.0,1761.8644
PSD,2026-05-02,1373.5,1344.9579
PSD,2026-05-03,1167.3,1227.1746
PSD,2026-05-04,1516.3,1645.6462
PSD,2026-05-05,1715.5,1627.15
PSD,2026-05-06,1884.7,1678.4242
PSD,2026-05-07,1639.1,1610.986
PSD,2026-05-08,1627.7,1528.214
PSD,2026-05-09,1308.1,1365.1947
PSD,2026-05-10,1192.7,1275.3293
PSD,2026-05-11,1714.2,1861.0101
PSD,2026-05-12,1463.4,1620.9332
PSD,2026-05-13,1872.8,1828.8267
PSD,2026-05-14,1708.8,1713.2172
PSD,2026-05-15,1690.9,1628.3492
PSD,2026-05-16,1408.9,1405.7885
PSD,2026-05-17,1242.0,1257.9193
PSD,2026-05-18,1713.9,1708.453
PSD,2026-05-19,1856.6,1679.3203
PSD,2026-05-20,1792.1,1633.6498
PSD,2026-05-21,1642.0,1649.3044
PSD,2026-05-22,1616.7,1614.8087
PSD,2026-05-23,1585.0,1495.4518
PSD,2026-05-24,1280.5,1224.0979
PSD,2026-05-25,1728.4,1647.5625
PSD,2026-05-26,1541.1,1738.4077
PSD,2026-05-27,1700.3,1656.2628
PSD,2026-05-28,1413.4,1523.7424
PSD,2026-05-29,1455.7,1607.3131
PSD,2026-05-30,1546.7,1554.149
PSD,2026-05-31,1401.3,1322.9192
RTM,2025-07-01,2185.1,2162.8445
RTM,2025-07-02,2100.9,2283.1216
RTM,2025-07-03,2583.7,2259.346
RTM,2025-07-04,2454.7,2421.7725
RTM,2025-07-05,2049.9,1995.184
RTM,2025-07-06,1709.8,1703.5453
RTM,2025-07-07,1898.2,2058.2766
RTM,2025-07-08,2404.1,2228.8674
RTM,2025-07-09,2200.8,1996.5261
RTM,2025-07-10,2221.4,2412.6428
RTM,2025-07-11,2192.4,2346.6665
RTM,2025-07-12,1903.8,1942.6577
RTM,2025-07-13,1713.8,1701.9282
RTM,2025-07-14,2420.2,2422.662
RTM,2025-07-15,1971.8,2069.6057
RTM,2025-07-16,2293.0,2295.248
RTM,2025-07-17,2347.3,2226.6172
RTM,2025-07-18,2015.6,2108.678
RTM,2025-07-19,1909.1,1801.13
RTM,2025-07-20,1859.0,1685.5951
RTM,2025-07-21,2342.5,2273.387
RTM,2025-07-22,2332.1,2120.9573
RTM,2025-07-23,2060.1,2379.6514
RTM,2025-07-24,2071.2,2275.532
RTM,2025-07-25,2309.1,2542.96
RTM,2025-07-26,2128.0,1915.1028
RTM,2025-07-27,1672.1,1683.8127
RTM,2025-07-28,2300.0,2251.9128
RTM,2025-07-29,2368.0,2216.0103
RTM,2025-07-30,2393.2,2306.0789
RTM,2025-07-31,2096.8,2175.3076
RTM,2025-08-01,2417.8,2165.099
RTM,2025-08-02,1522.7,1657.4967
RTM,2025-08-03,1614.8,1706.6671
RTM,2025-08-04,2021.2,2170.2002
RTM,2025-08-05,2199.4,2088.9543
RTM,2025-08-06,2299.5,2318.5713
RTM,2025-08-07,2024.8,2226.6602
RTM,2025-08-08,2002.7,1974.0695
RTM,2025-08-09,1748.8,1545.3038
RTM,2025-08-10,1334.9,1472.7551
RTM,2025-08-11,1869.2,2034.5254
RTM,2025-08-12,1988.9,2088.866
RTM,2025-08-13,1711.5,1666.5264
RTM,2025-08-14,2128.8,2054.9658
RTM,2025-08-15,2093.8,2105.3982
RTM,2025-08-16,1898.5,1816.206
RTM,2025-08-17,1692.9,1640.46
RTM,2025-08-18,1968.0,2020.0803
RTM,2025-08-19,1932.1,2021.0277
RTM,2025-08-20,1848.5,1889.1692
RTM,2025-08-21,2088.9,2181.2932
RTM,2025-08-22,1765.7,1769.9869
RTM,2025-08-23,1734.2,1756.9429
RTM,2025-08-24,1503.0,1596.2659
RTM,2025-08-25,1964.8,2314.325
RTM,2025-08-26,1722.3,2032.1727
RTM,2025-08-27,1901.5,1973.2649
RTM,2025-08-28,1761.2,1752.8512
RTM,2025-08-29,2094.9,2169.3708
RTM,2025-08-30,1712.4,1618.5979
RTM,2025-08-31,1366.9,1480.4846
RTM,2025-09-01,1524.7,1715.8007
RTM,2025-09-02,1729.2,1833.3547
RTM,2025-09-03,1645.0,1793.6613
RTM,2025-09-04,1805.2,1767.4987
RTM,2025-09-05,1793.6,1827.6505
RTM,2025-09-06,1528.6,1433.7324
RTM,2025-09-07,1513.1,1414.972
RTM,2025-09-08,1756.9,1915.9933
RTM,2025-09-09,1584.0,1643.1348
RTM,2025-09-10,2038.8,1916.126
RTM,2025-09-11,1756.8,1652.1766
RTM,2025-09-12,1549.7,1789.5382
RTM,2025-09-13,1439.6,1436.1176
RTM,2025-09-14,1127.7,1165.8887
RTM,2025-09-15,1894.3,1921.1265
RTM,2025-09-16,1777.2,1845.6006
RTM,2025-09-17,1864.8,1783.8708
RTM,2025-09-18,1613.9,1567.073
RTM,2025-09-19,1829.6,1937.1173
RTM,2025-09-20,1465.8,1435.7904
RTM,2025-09-21,1169.6,1275.3427
RTM,2025-09-22,1729.2,1763.9166
RTM,2025-09-23,1743.7,1704.915
RTM,2025-09-24,2012.7,1907.2633
RTM,2025-09-25,1781.8,1780.9806
RTM,2025-09-26,1482.2,1592.6
RTM,2025-09-27,1358.8,1408.6361
RTM,2025-09-28,1478.8,1424.2532
RTM,2025-09-29,2048.8,1848.2617
RTM,2025-09-30,1565.4,1637.2882
RTM,2025-10-01,1338.0,1387.1906
RTM,2025-10-02,1475.5,1494.1901
RTM,2025-10-03,1419.9,1431.9366
RTM,2025-10-04,1295.5,1315.2133
RTM,2025-10-05,901.5,1022.30865
RTM,2025-10-06,1458.9,1449.0681
RTM,2025-10-07,1616.3,1499.1935
RTM,2025-10-08,1421.4,1471.4408
RTM,2025-10-09,1268.6,1279.731
RTM,2025-10-10,1255.0,1403.8931
RTM,2025-10-11,1242.1,1170.0898
RTM,2025-10-12,1154.7,1110.0352
RTM,2025-10-13,1410.5,1515.2826
RTM,2025-10-14,1372.6,1399.73
RTM,2025-10-15,1336.5,1374.7815
RTM,2025-10-16,1231.4,1346.8392
RTM,2025-10-17,1619.5,1458.5916
RTM,2025-10-18,1448.6,1304.1444
RTM,2025-10-19,1111.0,1078.7324
RTM,2025-10-20,1533.7,1548.6797
RTM,2025-10-21,1476.8,1451.1985
RTM,2025-10-22,1173.8,1261.884
RTM,2025-10-23,1225.8,1359.1606
RTM,2025-10-24,1442.4,1416.7823
RTM,2025-10-25,1384.7,1253.7612
RTM,2025-10-26,1045.6,1127.4781
RTM,2025-10-27,1324.3,1522.4606
RTM,2025-10-28,1273.5,1324.7623
RTM,2025-10-29,1443.5,1448.0574
RTM,2025-10-30,1469.0,1414.3469
RTM,2025-10-31,1447.5,1434.7177
RTM,2025-11-01,1084.6,1132.1312
RTM,2025-11-02,1166.5,1138.3784
RTM,2025-11-03,1386.7,1526.4595
RTM,2025-11-04,1653.6,1506.2164
RTM,2025-11-05,1453.0,1368.7498
RTM,2025-11-06,1400.7,1473.1101
RTM,2025-11-07,1377.5,1373.6373
RTM,2025-11-08,1369.9,1196.6532
RTM,2025-11-09,1200.3,1104.5402
RTM,2025-11-10,1411.3,1512.0266
RTM,2025-11-11,1318.6,1344.3036
RTM,2025-11-12,1312.1,1346.1362
RTM,2025-11-13,1522.2,1484.4377
RTM,2025-11-14,1402.4,1426.7335
RTM,2025-11-15,1296.3,1315.9331
RTM,2025-11-16,1045.9,1063.6084
RTM,2025-11-17,1318.4,1470.1804
RTM,2025-11-18,1354.5,1471.7936
RTM,2025-11-19,1316.7,1454.9706
RTM,2025-11-20,1406.4,1435.0276
RTM,2025-11-21,1328.7,1456.9385
RTM,2025-11-22,1067.0,1177.8658
RTM,2025-11-23,1103.0,1101.203
RTM,2025-11-24,1540.6,1588.8812
RTM,2025-11-25,1346.1,1379.8445
RTM,2025-11-26,1251.6,1276.1998
RTM,2025-11-27,1393.6,1531.6173
RTM,2025-11-28,1352.0,1326.4987
RTM,2025-11-29,1248.7,1188.0839
RTM,2025-11-30,971.6,1059.0149
RTM,2025-12-01,1551.5,1528.7467
RTM,2025-12-02,1452.0,1394.0431
RTM,2025-12-03,1383.9,1464.4724
RTM,2025-12-04,1400.8,1401.0526
RTM,2025-12-05,1458.4,1405.3796
RTM,2025-12-06,1446.4,1349.6155
RTM,2025-12-07,1188.1,1060.918
RTM,2025-12-08,1667.2,1629.8065
RTM,2025-12-09,1152.7,1296.2816
RTM,2025-12-10,1532.0,1424.2773
RTM,2025-12-11,1344.3,1461.0009
RTM,2025-12-12,1255.1,1377.3468
RTM,2025-12-13,1266.4,1164.4077
RTM,2025-12-14,1135.0,1088.1836
RTM,2025-12-15,1284.6,1392.9716
RTM,2025-12-16,1486.7,1503.5828
RTM,2025-12-17,1554.6,1543.5156
RTM,2025-12-18,1508.5,1408.3596
RTM,2025-12-19,1393.1,1425.1863
RTM,2025-12-20,1082.7,1216.9482
RTM,2025-12-21,1105.1,1254.15
RTM,2025-12-22,1459.1,1429.188
RTM,2025-12-23,1250.9,1441.2865
RTM,2025-12-24,1160.2,1306.2439
RTM,2025-12-25,1377.3,1390.5225
RTM,2025-12-26,1559.5,1454.7993
RTM,2025-12-27,1073.4,1082.815
RTM,2025-12-28,1174.5,1154.49
RTM,2025-12-29,1606.7,1689.5624
RTM,2025-12-30,1362.4,1380.1945
RTM,2025-12-31,1457.7,1549.5026
RTM,2026-01-01,1503.9,1429.6644
RTM,2026-01-02,1267.3,1389.9073
RTM,2026-01-03,1168.4,1188.319
RTM,2026-01-04,1072.1,1131.2567
RTM,2026-01-05,1608.4,1553.581
RTM,2026-01-06,1346.8,1362.9424
RTM,2026-01-07,1103.1,1197.8491
RTM,2026-01-08,1454.4,1512.9366
RTM,2026-01-09,1542.2,1505.1367
RTM,2026-01-10,1264.0,1263.7401
RTM,2026-01-11,888.9,1110.9971
RTM,2026-01-12,1403.3,1580.119
RTM,2026-01-13,1398.8,1309.0781
RTM,2026-01-14,1258.4,1274.9866
RTM,2026-01-15,1672.4,1556.3021
RTM,2026-01-16,1479.7,1405.1499
RTM,2026-01-17,1284.5,1223.34
RTM,2026-01-18,1166.5,1218.2019
RTM,2026-01-19,1389.5,1456.8068
RTM,2026-01-20,1154.5,1265.7719
RTM,2026-01-21,1649.5,1549.5574
RTM,2026-01-22,1277.3,1283.3649
RTM,2026-01-23,1516.9,1506.5494
RTM,2026-01-24,1274.0,1342.143
RTM,2026-01-25,1167.5,1147.1804
RTM,2026-01-26,1514.6,1476.4011
RTM,2026-01-27,1405.6,1424.3912
RTM,2026-01-28,1448.5,1458.1948
RTM,2026-01-29,1547.7,1519.9591
RTM,2026-01-30,1351.1,1435.6025
RTM,2026-01-31,1286.8,1276.2212
RTM,2026-02-01,1234.8,1181.053
RTM,2026-02-02,1554.1,1639.2596
RTM,2026-02-03,1512.9,1456.274
RTM,2026-02-04,1251.2,1256.4326
RTM,2026-02-05,1415.7,1429.8064
RTM,2026-02-06,1476.9,1427.9147
RTM,2026-02-07,1427.5,1198.9225
RTM,2026-02-08,1094.7,1101.511
RTM,2026-02-09,1273.8,1472.2742
RTM,2026-02-10,1588.7,1447.7731
RTM,2026-02-11,1374.6,1451.6426
RTM,2026-02-12,1494.8,1388.7012
RTM,2026-02-13,1655.8,1515.4369
RTM,2026-02-14,1332.4,1343.7701
RTM,2026-02-15,1043.1,1053.5778
RTM,2026-02-16,1532.5,1524.1781
RTM,2026-02-17,1521.4,1405.5854
RTM,2026-02-18,1552.8,1455.599
RTM,2026-02-19,1342.1,1388.1438
RTM,2026-02-20,1207.8,1282.7843
RTM,2026-02-21,1362.1,1236.1309
RTM,2026-02-22,1139.1,1149.5128
RTM,2026-02-23,1411.8,1459.4343
RTM,2026-02-24,1530.4,1509.2142
RTM,2026-02-25,1408.9,1341.112
RTM,2026-02-26,1402.7,1453.7583
RTM,2026-02-27,1549.4,1509.9185
RTM,2026-02-28,1158.2,1108.306
RTM,2026-03-01,1082.3,1205.6077
RTM,2026-03-02,1798.8,1842.6926
RTM,2026-03-03,1799.9,1729.069
RTM,2026-03-04,1683.6,1737.4279
RTM,2026-03-05,1780.6,1831.4111
RTM,2026-03-06,1669.6,1699.4976
RTM,2026-03-07,1475.4,1446.9225
RTM,2026-03-08,1099.9,1224.6743
RTM,2026-03-09,1818.4,1999.9213
RTM,2026-03-10,1740.3,1617.9296
RTM,2026-03-11,2058.6,1862.7568
RTM,2026-03-12,1765.8,1860.4528
RTM,2026-03-13,1399.3,1649.1658
RTM,2026-03-14,1608.7,1617.189
RTM,2026-03-15,1240.4,1214.0535
RTM,2026-03-16,1570.5,1757.1708
RTM,2026-03-17,1586.8,1812.6377
RTM,2026-03-18,1830.2,1873.9203
RTM,2026-03-19,1681.9,1546.805
RTM,2026-03-20,1658.4,1705.8998
RTM,2026-03-21,1636.4,1618.8757
RTM,2026-03-22,1198.5,1342.5281
RTM,2026-03-23,1592.0,1829.2311
RTM,2026-03-24,1679.7,1796.8501
RTM,2026-03-25,1745.6,1816.1005
RTM,2026-03-26,1868.3,1832.6847
RTM,2026-03-27,2043.5,1817.242
RTM,2026-03-28,1491.2,1492.8074
RTM,2026-03-29,1368.6,1309.6361
RTM,2026-03-30,1588.1,1860.2393
RTM,2026-03-31,1650.8,1730.0903
RTM,2026-04-01,2036.1,1976.2122
RTM,2026-04-02,2143.9,1991.7891
RTM,2026-04-03,2428.3,2353.3115
RTM,2026-04-04,1963.0,1817.2117
RTM,2026-04-05,1560.8,1442.2971
RTM,2026-04-06,1909.2,2133.3145
RTM,2026-04-07,2036.3,2083.5708
RTM,2026-04-08,2155.1,2154.5007
RTM,2026-04-09,2033.1,1951.9796
RTM,2026-04-10,2084.2,1994.6484
RTM,2026-04-11,1968.9,1757.2069
RTM,2026-04-12,1425.1,1605.7393
RTM,2026-04-13,1846.8,2169.8801
RTM,2026-04-14,2200.8,2045.1475
RTM,2026-04-15,2065.1,1913.0448
RTM,2026-04-16,2312.4,2152.9592
RTM,2026-04-17,1949.5,1940.086
RTM,2026-04-18,1609.5,1639.7511
RTM,2026-04-19,1387.3,1478.6232
RTM,2026-04-20,2186.1,2197.372
RTM,2026-04-21,2086.3,1995.4326
RTM,2026-04-22,2009.8,2094.62
RTM,2026-04-23,2239.4,1976.6932
RTM,2026-04-24,1964.8,2109.844
RTM,2026-04-25,1509.6,1610.9711
RTM,2026-04-26,1900.0,1761.2776
RTM,2026-04-27,1772.0,1903.5365
RTM,2026-04-28,2437.1,2044.706
RTM,2026-04-29,2266.3,2082.9373
RTM,2026-04-30,2033.7,2084.5955
RTM,2026-05-01,2011.7,2054.4143
RTM,2026-05-02,1866.2,1735.0975
RTM,2026-05-03,1928.9,1881.4204
RTM,2026-05-04,2292.6,2352.7573
RTM,2026-05-05,2224.0,2121.1106
RTM,2026-05-06,2379.1,2075.486
RTM,2026-05-07,2055.3,2216.2224
RTM,2026-05-08,2356.9,2220.5117
RTM,2026-05-09,2018.1,1865.7983
RTM,2026-05-10,1776.1,1798.2273
RTM,2026-05-11,2203.2,2261.308
RTM,2026-05-12,2212.4,2097.5671
RTM,2026-05-13,2616.4,2207.8289
RTM,2026-05-14,2363.6,2228.2156
RTM,2026-05-15,2181.4,2226.128
RTM,2026-05-16,1952.6,2000.5612
RTM,2026-05-17,1593.5,1719.5311
RTM,2026-05-18,2497.5,2456.2837
RTM,2026-05-19,2387.9,2207.3674
RTM,2026-05-20,2345.7,2305.4294
RTM,2026-05-21,2314.7,2318.0527
RTM,2026-05-22,2232.6,2188.8662
RTM,2026-05-23,1986.4,2054.7183
RTM,2026-05-24,1917.2,1881.6747
RTM,2026-05-25,2367.0,2245.5637
RTM,2026-05-26,2157.6,1990.2467
RTM,2026-05-27,2492.1,2296.9275
RTM,2026-05-28,2323.1,2455.2266
RTM,2026-05-29,2588.8,2556.9058
RTM,2026-05-30,1991.1,1997.853
RTM,2026-05-31,1622.9,1752.0645
TAN,2025-07-01,859.1,801.17883
TAN,2025-07-02,835.1,768.92523
TAN,2025-07-03,653.8,695.75214
TAN,2025-07-04,785.3,741.86926
TAN,2025-07-05,669.6,667.5753
TAN,2025-07-06,543.7,544.51807
TAN,2025-07-07,830.8,776.979
TAN,2025-07-08,917.4,809.5811
TAN,2025-07-09,718.1,712.6341
TAN,2025-07-10,797.1,726.2343
TAN,2025-07-11,821.9,738.08954
TAN,2025-07-12,685.4,627.2607
TAN,2025-07-13,585.7,574.4276
TAN,2025-07-14,729.9,731.001
TAN,2025-07-15,837.1,714.36444
TAN,2025-07-16,596.9,602.33606
TAN,2025-07-17,683.2,678.16
TAN,2025-07-18,820.4,778.9691
TAN,2025-07-19,600.9,577.62775
TAN,2025-07-20,537.7,524.63995
TAN,2025-07-21,661.3,699.6223
TAN,2025-07-22,835.9,755.23865
TAN,2025-07-23,707.8,699.0539
TAN,2025-07-24,738.3,727.227
TAN,2025-07-25,684.0,717.7499
TAN,2025-07-26,612.0,601.09125
TAN,2025-07-27,539.8,540.4856
TAN,2025-07-28,642.0,710.41187
TAN,2025-07-29,820.2,739.8019
TAN,2025-07-30,779.8,710.12177
TAN,2025-07-31,765.3,760.65436
TAN,2025-08-01,735.4,742.5405
TAN,2025-08-02,606.7,631.17456
TAN,2025-08-03,609.9,562.97034
TAN,2025-08-04,816.6,840.4523
TAN,2025-08-05,904.4,827.822
TAN,2025-08-06,728.1,855.733
TAN,2025-08-07,815.7,792.73816
TAN,2025-08-08,760.6,712.288
TAN,2025-08-09,643.0,602.76624
TAN,2025-08-10,550.7,604.2412
TAN,2025-08-11,761.8,762.94666
TAN,2025-08-12,834.0,755.51746
TAN,2025-08-13,712.5,732.1569
TAN,2025-08-14,765.7,826.8922
TAN,2025-08-15,898.8,739.632
TAN,2025-08-16,654.1,575.10986
TAN,2025-08-17,549.2,533.14655
TAN,2025-08-18,732.0,734.22473
TAN,2025-08-19,781.2,750.904
TAN,2025-08-20,788.8,792.68225
TAN,2025-08-21,746.9,709.0398
TAN,2025-08-22,748.1,719.1688
TAN,2025-08-23,642.7,623.9564
TAN,2025-08-24,525.5,527.78735
TAN,2025-08-25,730.3,767.31573
TAN,2025-08-26,934.5,892.43304
TAN,2025-08-27,833.6,784.42163
TAN,2025-08-28,791.9,753.3832
TAN,2025-08-29,842.9,767.82404
TAN,2025-08-30,546.8,600.89954
TAN,2025-08-31,602.4,581.5627
TAN,2025-09-01,739.5,751.38855
TAN,2025-09-02,715.5,696.9186
TAN,2025-09-03,835.6,819.6145
TAN,2025-09-04,843.0,848.78595
TAN,2025-09-05,737.5,743.0849
TAN,2025-09-06,661.8,602.0468
TAN,2025-09-07,608.0,604.08887
TAN,2025-09-08,680.4,722.1514
TAN,2025-09-09,868.4,841.7029
TAN,2025-09-10,737.5,734.3307
TAN,2025-09-11,699.4,757.2083
TAN,2025-09-12,845.8,850.64105
TAN,2025-09-13,643.6,611.327
TAN,2025-09-14,513.5,540.3413
TAN,2025-09-15,807.0,791.7631
TAN,2025-09-16,753.4,708.3384
TAN,2025-09-17,643.8,690.8427
TAN,2025-09-18,856.4,808.3479
TAN,2025-09-19,762.7,788.08545
TAN,2025-09-20,654.1,604.04254
TAN,2025-09-21,609.9,588.1285
TAN,2025-09-22,652.6,716.37604
TAN,2025-09-23,769.2,802.6613
TAN,2025-09-24,661.3,728.31165
TAN,2025-09-25,799.1,814.074
TAN,2025-09-26,850.5,811.0993
TAN,2025-09-27,735.9,709.90674
TAN,2025-09-28,517.2,564.8315
TAN,2025-09-29,683.3,724.53986
TAN,2025-09-30,817.1,821.86694
TAN,2025-10-01,882.2,776.19025
TAN,2025-10-02,743.4,819.73175
TAN,2025-10-03,799.4,751.08124
TAN,2025-10-04,676.9,634.0535
TAN,2025-10-05,579.4,608.61
TAN,2025-10-06,719.8,751.316
TAN,2025-10-07,728.7,838.7064
TAN,2025-10-08,630.8,677.43976
TAN,2025-10-09,828.8,791.63525
TAN,2025-10-10,734.6,737.2355
TAN,2025-10-11,553.4,588.9665
TAN,2025-10-12,531.6,595.5776
TAN,2025-10-13,829.9,799.47943
TAN,2025-10-14,818.1,746.2279
TAN,2025-10-15,793.7,798.65845
TAN,2025-10-16,731.5,704.1038
TAN,2025-10-17,757.9,741.9545
TAN,2025-10-18,608.9,591.84534
TAN,2025-10-19,540.8,572.1848
TAN,2025-10-20,710.7,812.78827
TAN,2025-10-21,728.4,709.1508
TAN,2025-10-22,685.9,744.7912
TAN,2025-10-23,852.3,796.1527
TAN,2025-10-24,745.8,774.9732
TAN,2025-10-25,618.4,616.9372
TAN,2025-10-26,571.2,621.1695
TAN,2025-10-27,682.3,746.561
TAN,2025-10-28,839.6,819.2074
TAN,2025-10-29,744.3,774.75256
TAN,2025-10-30,770.2,747.1478
TAN,2025-10-31,648.6,720.6105
TAN,2025-11-01,619.8,599.4496
TAN,2025-11-02,470.4,508.69254
TAN,2025-11-03,748.2,741.49896
TAN,2025-11-04,644.6,688.6509
TAN,2025-11-05,744.2,702.3144
TAN,2025-11-06,636.7,607.5992
TAN,2025-11-07,693.7,703.7476
TAN,2025-11-08,570.4,587.47217
TAN,2025-11-09,528.0,510.81912
TAN,2025-11-10,714.8,748.24805
TAN,2025-11-11,802.3,750.344
TAN,2025-11-12,673.8,641.1287
TAN,2025-11-13,735.2,747.86273
TAN,2025-11-14,714.8,729.63983
TAN,2025-11-15,635.7,633.3292
TAN,2025-11-16,596.9,537.4601
TAN,2025-11-17,647.6,726.66547
TAN,2025-11-18,604.0,656.14294
TAN,2025-11-19,736.8,720.76447
TAN,2025-11-20,722.6,743.7883
TAN,2025-11-21,720.2,750.6514
TAN,2025-11-22,584.1,529.10077
TAN,2025-11-23,480.4,530.82336
TAN,2025-11-24,790.8,756.9791
TAN,2025-11-25,832.5,711.8835
TAN,2025-11-26,729.3,728.617
TAN,2025-11-27,578.9,668.9496
TAN,2025-11-28,782.7,769.76184
TAN,2025-11-29,601.3,602.7145
TAN,2025-11-30,548.0,546.4545
TAN,2025-12-01,729.5,743.0332
TAN,2025-12-02,664.9,662.07745
TAN,2025-12-03,688.3,675.09406
TAN,2025-12-04,609.5,639.65686
TAN,2025-12-05,577.4,607.69653
TAN,2025-12-06,552.0,533.91595
TAN,2025-12-07,497.5,513.3932
TAN,2025-12-08,582.4,644.62494
TAN,2025-12-09,777.6,683.3682
TAN,2025-12-10,641.8,677.041
TAN,2025-12-11,723.5,735.6276
TAN,2025-12-12,658.6,658.8414
TAN,2025-12-13,468.0,524.8591
TAN,2025-12-14,453.5,448.5878
TAN,2025-12-15,615.5,672.0883
TAN,2025-12-16,710.7,716.8271
TAN,2025-12-17,605.4,598.75684
TAN,2025-12-18,643.9,644.30597
TAN,2025-12-19,622.9,650.98846
TAN,2025-12-20,480.5,482.59622
TAN,2025-12-21,538.6,530.0776
TAN,2025-12-22,643.2,704.12006
TAN,2025-12-23,689.5,709.53375
TAN,2025-12-24,705.8,695.71814
TAN,2025-12-25,657.2,674.3033
TAN,2025-12-26,736.8,750.9595
TAN,2025-12-27,578.9,553.7009
TAN,2025-12-28,468.3,462.06848
TAN,2025-12-29,729.9,776.5897
TAN,2025-12-30,643.2,729.1348
TAN,2025-12-31,627.7,682.894
TAN,2026-01-01,610.3,647.0965
TAN,2026-01-02,569.6,617.66656
TAN,2026-01-03,578.8,595.98755
TAN,2026-01-04,444.1,454.79587
TAN,2026-01-05,614.9,635.9463
TAN,2026-01-06,610.4,616.0208
TAN,2026-01-07,639.0,641.26855
TAN,2026-01-08,679.2,684.0227
TAN,2026-01-09,578.2,618.8816
TAN,2026-01-10,450.6,468.89728
TAN,2026-01-11,466.3,453.69257
TAN,2026-01-12,651.1,700.1062
TAN,2026-01-13,617.9,632.85657
TAN,2026-01-14,668.2,631.9232
TAN,2026-01-15,548.4,562.04083
TAN,2026-01-16,751.4,650.8279
TAN,2026-01-17,496.9,545.4888
TAN,2026-01-18,491.5,456.70605
TAN,2026-01-19,668.6,646.1051
TAN,2026-01-20,765.0,684.0556
TAN,2026-01-21,782.4,703.43665
TAN,2026-01-22,602.0,629.5254
TAN,2026-01-23,587.8,571.33105
TAN,2026-01-24,495.3,519.0422
TAN,2026-01-25,454.1,471.53152
TAN,2026-01-26,613.9,679.917
TAN,2026-01-27,717.7,739.22876
TAN,2026-01-28,558.6,567.579
TAN,2026-01-29,621.9,592.7148
TAN,2026-01-30,652.5,690.44464
TAN,2026-01-31,531.5,510.50555
TAN,2026-02-01,466.1,501.00912
TAN,2026-02-02,571.4,690.543
TAN,2026-02-03,579.1,625.99445
TAN,2026-02-04,633.1,632.3352
TAN,2026-02-05,693.3,675.9691
TAN,2026-02-06,572.1,589.2144
TAN,2026-02-07,507.5,554.5006
TAN,2026-02-08,490.4,474.34256
TAN,2026-02-09,665.8,709.23865
TAN,2026-02-10,585.2,582.93964
TAN,2026-02-11,668.7,639.0596
TAN,2026-02-12,621.9,605.48566
TAN,2026-02-13,634.6,661.36237
TAN,2026-02-14,536.6,519.2326
TAN,2026-02-15,492.1,520.42944
TAN,2026-02-16,518.5,530.2926
TAN,2026-02-17,638.3,644.8913
TAN,2026-02-18,596.8,636.50525
TAN,2026-02-19,567.3,570.071
TAN,2026-02-20,591.3,549.8623
TAN,2026-02-21,551.3,487.0215
TAN,2026-02-22,429.5,418.24753
TAN,2026-02-23,677.1,691.4812
TAN,2026-02-24,656.7,603.09094
TAN,2026-02-25,627.8,651.9235
TAN,2026-02-26,501.1,558.1382
TAN,2026-02-27,646.3,648.8029
TAN,2026-02-28,536.4,518.5215
TAN,2026-03-01,485.2,487.58087
TAN,2026-03-02,707.2,687.19965
TAN,2026-03-03,631.2,625.6602
TAN,2026-03-04,739.2,674.389
TAN,2026-03-05,612.4,632.71545
TAN,2026-03-06,574.9,543.26117
TAN,2026-03-07,458.8,481.36993
TAN,2026-03-08,435.2,438.5133
TAN,2026-03-09,583.3,602.4646
TAN,2026-03-10,574.4,602.7358
TAN,2026-03-11,603.5,597.73926
TAN,2026-03-12,573.2,604.1275
TAN,2026-03-13,498.9,548.4898
TAN,2026-03-14,454.2,471.27808
TAN,2026-03-15,435.8,427.80252
TAN,2026-03-16,750.2,717.64984
TAN,2026-03-17,669.6,608.1877
TAN,2026-03-18,722.9,663.0071
TAN,2026-03-19,582.2,644.6005
TAN,2026-03-20,579.6,577.8827
TAN,2026-03-21,539.9,519.86285
TAN,2026-03-22,410.0,428.18756
TAN,2026-03-23,633.4,644.2946
TAN,2026-03-24,626.1,579.9138
TAN,2026-03-25,604.6,611.28766
TAN,2026-03-26,534.0,557.3569
TAN,2026-03-27,725.0,673.5808
TAN,2026-03-28,464.7,444.05777
TAN,2026-03-29,474.0,491.61093
TAN,2026-03-30,585.8,647.0811
TAN,2026-03-31,681.9,652.6806
TAN,2026-04-01,552.7,585.5771
TAN,2026-04-02,700.1,670.9744
TAN,2026-04-03,589.4,601.9964
TAN,2026-04-04,572.2,588.45245
TAN,2026-04-05,557.5,535.97125
TAN,2026-04-06,616.6,646.98456
TAN,2026-04-07,631.3,621.66174
TAN,2026-04-08,624.4,644.36914
TAN,2026-04-09,594.2,672.26624
TAN,2026-04-10,697.6,639.6052
TAN,2026-04-11,561.7,551.8884
TAN,2026-04-12,490.6,457.88297
TAN,2026-04-13,705.0,719.8082
TAN,2026-04-14,654.9,660.5796
TAN,2026-04-15,588.9,634.8358
TAN,2026-04-16,606.9,632.8182
TAN,2026-04-17,557.8,632.63873
TAN,2026-04-18,569.8,592.65857
TAN,2026-04-19,517.6,479.48605
TAN,2026-04-20,623.7,677.74634
TAN,2026-04-21,640.9,634.2149
TAN,2026-04-22,633.6,699.7792
TAN,2026-04-23,556.0,598.6823
TAN,2026-04-24,521.6,569.1557
TAN,2026-04-25,490.5,465.0141
TAN,2026-04-26,521.3,506.2569
TAN,2026-04-27,653.5,700.35443
TAN,2026-04-28,711.1,661.37683
TAN,2026-04-29,742.7,663.1482
TAN,2026-04-30,584.1,587.9971
TAN,2026-05-01,636.0,654.9298
TAN,2026-05-02,460.8,501.67462
TAN,2026-05-03,489.6,502.57877
TAN,2026-05-04,688.9,747.96356
TAN,2026-05-05,673.1,634.7779
TAN,2026-05-06,650.1,651.93335
TAN,2026-05-07,752.3,693.879
TAN,2026-05-08,776.4,732.9129
TAN,2026-05-09,611.1,601.76465
TAN,2026-05-10,466.4,488.8766
TAN,2026-05-11,677.3,682.14734
TAN,2026-05-12,718.9,683.613
TAN,2026-05-13,632.1,660.70514
TAN,2026-05-14,645.7,610.11554
TAN,2026-05-15,738.7,716.3381
TAN,2026-05-16,515.1,553.2611
TAN,2026-05-17,531.1,531.9754
TAN,2026-05-18,793.1,761.9398
TAN,2026-05-19,582.2,592.99
TAN,2026-05-20,561.3,579.8219
TAN,2026-05-21,636.6,639.8752
TAN,2026-05-22,634.1,630.46765
TAN,2026-05-23,635.5,533.91046
TAN,2026-05-24,462.8,493.7644
TAN,2026-05-25,584.8,648.0902
TAN,2026-05-26,693.8,675.5326
TAN,2026-05-27,572.2,598.7464
TAN,2026-05-28,673.7,673.51984
TAN,2026-05-29,674.9,720.9652
TAN,2026-05-30,603.2,577.71454
TAN,2026-05-31,544.5,563.018
