batch_id,actual,predicted,residual
BATCH-PIR-2024-00585,95.0,95.648285,-0.648284912109375
BATCH-PIR-2024-00586,63.34,60.81215,2.527850952148441
BATCH-PIR-2024-00587,48.32,49.339367,-1.0193669128417966
BATCH-PIR-2024-00588,35.01,49.76464,-14.75464080810547
BATCH-PIR-2024-00589,95.0,91.00971,3.9902877807617188
BATCH-PIR-2024-00590,53.92,51.48541,2.4345912170410173
BATCH-PIR-2024-00591,65.18,62.727512,2.452487640380866
BATCH-PIR-2024-00592,31.9,47.71141,-15.811410522460939
BATCH-PIR-2024-00593,51.76,55.22066,-3.46066116333008
BATCH-PIR-2024-00594,43.87,46.979828,-3.1098278808593776
BATCH-PIR-2024-00595,26.48,42.153835,-15.673835296630859
BATCH-PIR-2024-00596,28.8,41.81074,-13.010741424560546
BATCH-PIR-2024-00597,36.73,46.83276,-10.102759857177738
BATCH-PIR-2024-00598,30.96,49.67516,-18.715159454345702
BATCH-PIR-2024-00599,45.71,33.420696,12.289303741455079
BATCH-PIR-2024-00600,73.33,65.14626,8.183736877441405
BATCH-PIR-2024-00601,54.44,40.232994,14.207005920410154
BATCH-PIR-2024-00602,39.46,41.787247,-2.3272467041015616
BATCH-PIR-2024-00603,64.47,46.555325,17.91467544555664
BATCH-PIR-2024-00604,90.11,88.42952,1.680480346679687
BATCH-PIR-2024-00605,94.57,89.848595,4.721405334472649
BATCH-PIR-2024-00606,52.78,52.007656,0.7723439025878918
BATCH-PIR-2024-00607,42.55,51.13658,-8.58658142089844
BATCH-PIR-2024-00608,47.27,56.13313,-8.863129119873044
BATCH-PIR-2024-00609,73.24,61.36427,11.875730743408198
BATCH-PIR-2024-00610,39.55,43.20822,-3.658221435546878
BATCH-PIR-2024-00611,61.04,53.080914,7.959086456298827
BATCH-PIR-2024-00612,95.0,89.17537,5.8246307373046875
BATCH-PIR-2024-00613,31.27,47.31621,-16.046211700439454
BATCH-PIR-2024-00614,53.46,48.484497,4.975502929687501
BATCH-PIR-2024-00615,22.92,34.12052,-11.200521545410155
BATCH-PIR-2024-00616,36.09,38.421482,-2.331482086181637
BATCH-PIR-2024-00617,45.67,41.114067,4.555932922363283
BATCH-PIR-2024-00618,42.33,50.457394,-8.127393646240236
BATCH-PIR-2024-00619,44.23,46.790497,-2.560496826171878
BATCH-PIR-2024-00620,95.0,91.43498,3.5650177001953125
BATCH-PIR-2024-00621,35.59,42.081863,-6.491863403320309
BATCH-PIR-2024-00622,41.41,48.749676,-7.339675750732425
BATCH-PIR-2024-00623,68.44,59.07147,9.368531646728513
BATCH-PIR-2024-00624,46.73,50.31818,-3.5881800842285188
BATCH-PIR-2024-00625,49.56,43.619373,5.940626678466799
BATCH-PIR-2024-00626,45.46,44.796703,0.663296661376954
BATCH-PIR-2024-00627,83.4,86.58034,-3.180337524414057
BATCH-PIR-2024-00628,54.86,47.879013,6.980986938476562
BATCH-PIR-2024-00629,39.29,44.558716,-5.268715820312501
BATCH-PIR-2024-00630,45.13,44.372074,0.7579258728027369
BATCH-PIR-2024-00631,43.71,43.50359,0.20641036987304773
BATCH-PIR-2024-00632,47.61,40.845043,6.764956817626953
BATCH-PIR-2024-00633,39.68,44.260696,-4.580696411132813
BATCH-PIR-2024-00634,89.14,88.50885,0.6311499023437506
BATCH-PIR-2024-00635,47.4,49.491005,-2.0910049438476577
BATCH-PIR-2024-00636,47.99,41.15154,6.838461151123049
BATCH-PIR-2024-00637,95.0,93.10728,1.8927230834960938
BATCH-PIR-2024-00638,38.84,41.68011,-2.840110931396481
BATCH-PIR-2024-00639,58.63,59.89017,-1.260171051025388
BATCH-PIR-2024-00640,45.85,45.058346,0.791654205322267
BATCH-PIR-2024-00641,30.26,40.32968,-10.069681396484373
BATCH-PIR-2024-00642,54.54,61.502842,-6.9628419494628915
BATCH-PIR-2024-00643,56.96,66.76739,-9.807387390136718
BATCH-PIR-2024-00644,88.35,92.60398,-4.253981018066412
BATCH-PIR-2024-00645,54.09,57.774406,-3.6844064331054653
BATCH-PIR-2024-00646,50.8,54.583767,-3.783766937255862
BATCH-PIR-2024-00647,53.16,43.21011,9.949890289306637
BATCH-PIR-2024-00648,84.55,88.087746,-3.537745666503909
BATCH-PIR-2024-00649,50.97,48.834236,2.1357638549804676
BATCH-PIR-2024-00650,48.69,47.6956,0.9944013977050759
BATCH-PIR-2024-00651,42.92,46.03465,-3.11464889526367
BATCH-PIR-2024-00652,44.3,49.92535,-5.625350189208987
BATCH-PIR-2024-00653,35.61,46.959026,-11.349026336669922
BATCH-PIR-2024-00654,55.86,48.08104,7.778960571289062
BATCH-PIR-2024-00655,50.97,53.586037,-2.6160366821289074
BATCH-PIR-2024-00656,59.57,53.50965,6.060348815917969
BATCH-PIR-2024-00657,52.43,48.00359,4.426410369873047
BATCH-PIR-2024-00658,47.68,58.38094,-10.700939483642578
BATCH-PIR-2024-00659,91.9,90.36957,1.5304321289062557
BATCH-PIR-2024-00660,43.53,47.069042,-3.5390422058105457
BATCH-PIR-2024-00661,63.15,50.44605,12.703951263427733
BATCH-PIR-2024-00662,58.94,52.920795,6.01920455932617
BATCH-PIR-2024-00663,43.12,49.64726,-6.527258758544924
BATCH-PIR-2024-00664,61.83,62.124874,-0.2948741149902361
BATCH-PIR-2024-00665,91.69,89.62727,2.0627264404296852
BATCH-PIR-2024-00666,48.42,52.15158,-3.7315808105468733
BATCH-PIR-2024-00667,52.16,53.46455,-1.3045500183105503
BATCH-PIR-2024-00668,49.7,55.198574,-5.4985740661621065
BATCH-PIR-2024-00669,56.03,42.758083,13.271916656494142
BATCH-PIR-2024-00670,24.85,44.523083,-19.673082733154295
BATCH-PIR-2024-00671,43.44,42.237553,1.202447357177732
BATCH-PIR-2024-00672,40.1,44.80863,-4.708631896972655
BATCH-PIR-2024-00673,61.64,65.69248,-4.052481994628906
BATCH-PIR-2024-00674,42.72,44.43573,-1.7157299804687511
BATCH-PIR-2024-00675,71.49,63.67263,7.817369689941401
BATCH-PIR-2024-00676,49.71,49.656666,0.05333419799804773
BATCH-PIR-2024-00677,54.26,61.11916,-6.85915969848633
BATCH-PIR-2024-00678,42.24,49.097507,-6.857507476806639
BATCH-PIR-2024-00679,51.88,55.37503,-3.4950305175781224
BATCH-PIR-2024-00680,43.02,51.47716,-8.4571614074707
BATCH-PIR-2024-00681,51.54,43.88178,7.6582212829589835
BATCH-PIR-2024-00682,43.75,47.98741,-4.2374114990234375
BATCH-PIR-2024-00683,62.96,62.156834,0.8031663513183602
BATCH-PIR-2024-00684,60.12,57.481796,2.63820373535156
BATCH-PIR-2024-00685,68.38,55.370758,13.00924194335937
BATCH-PIR-2024-00686,42.98,46.714005,-3.7340045166015656
BATCH-PIR-2024-00687,87.09,92.71547,-5.625469360351559
BATCH-PIR-2024-00688,56.07,42.601456,13.468544311523438
BATCH-PIR-2024-00689,25.69,35.22846,-9.538458404541014
BATCH-PIR-2024-00690,46.47,49.133884,-2.6638844299316418
BATCH-PIR-2024-00691,50.37,52.17131,-1.80131042480469
BATCH-PIR-2024-00692,85.69,86.09049,-0.4004922485351585
BATCH-PIR-2024-00693,41.05,51.595623,-10.545623016357425
BATCH-PIR-2024-00694,39.96,51.93668,-11.97667984008789
BATCH-PIR-2024-00695,66.59,58.8685,7.721500244140628
BATCH-PIR-2024-00696,31.22,45.202904,-13.982903747558595
BATCH-PIR-2024-00697,62.97,61.18917,1.7808291625976551
BATCH-PIR-2024-00698,48.73,43.976273,4.753727416992184
BATCH-PIR-2024-00699,92.76,93.447815,-0.6878149414062449
BATCH-PIR-2024-00700,95.0,95.0958,-0.09580230712890625
BATCH-PIR-2024-00701,65.17,51.798656,13.371343536376955
BATCH-PIR-2024-00702,47.17,51.103603,-3.9336033630371077
BATCH-PIR-2024-00703,58.02,48.623318,9.396682281494144
BATCH-PIR-2024-00704,95.0,88.394684,6.605316162109375
BATCH-PIR-2024-00705,56.49,44.43545,12.054548492431643
BATCH-PIR-2024-00706,91.29,86.51119,4.7788076782226625
BATCH-PIR-2024-00707,48.91,50.368843,-1.4588430786132847
BATCH-PIR-2024-00708,48.43,53.869976,-5.439976043701172
BATCH-PIR-2024-00709,53.53,46.011242,7.518758087158204
BATCH-PIR-2024-00710,38.66,53.303562,-14.643562164306644
BATCH-PIR-2024-00711,45.6,47.25723,-1.657228851318358
BATCH-PIR-2024-00712,91.63,90.90648,0.723521118164058
BATCH-PIR-2024-00713,54.21,50.294,3.916001281738282
BATCH-PIR-2024-00714,95.0,91.556564,3.4434356689453125
BATCH-PIR-2024-00715,51.65,52.119278,-0.4692779541015639
BATCH-PIR-2024-00716,37.74,49.212738,-11.472738037109373
BATCH-PIR-2024-00717,41.26,50.43797,-9.177969207763674
BATCH-PIR-2024-00718,39.85,54.663284,-14.813284301757811
BATCH-PIR-2024-00719,59.18,64.923256,-5.7432559204101565
BATCH-PIR-2024-00720,60.79,50.798115,9.991885223388671
BATCH-PIR-2024-00721,46.63,38.407993,8.222006683349612
BATCH-PIR-2024-00722,42.57,48.57266,-6.002658538818359
BATCH-PIR-2024-00723,51.13,59.273262,-8.143262023925779
BATCH-PIR-2024-00724,88.51,90.840775,-2.3307745361328074
BATCH-PIR-2024-00725,77.91,85.228386,-7.318385925292972
BATCH-PIR-2024-00726,63.82,68.92455,-5.1045529174804685
BATCH-PIR-2024-00727,43.3,46.884052,-3.584052276611331
BATCH-PIR-2024-00728,51.18,65.87766,-14.697662658691407
BATCH-PIR-2024-00729,59.39,56.0874,3.302601470947266
BATCH-PIR-2024-00730,73.92,78.37004,-4.450040893554686
BATCH-PIR-2024-00731,63.04,62.263783,0.776217498779296
BATCH-PIR-2024-00732,89.05,88.631096,0.4189041137695284
BATCH-PIR-2024-00733,51.22,60.92218,-9.702180175781251
BATCH-PIR-2024-00734,57.72,60.71025,-2.9902508544921886
BATCH-PIR-2024-00735,49.13,60.72089,-11.590890045166013
BATCH-PIR-2024-00736,55.46,58.835358,-3.375357666015624
BATCH-PIR-2024-00737,26.35,39.366837,-13.016836547851561
BATCH-PIR-2024-00738,55.91,47.836185,8.073814544677731
BATCH-PIR-2024-00739,41.0,45.83463,-4.834629058837891
BATCH-PIR-2024-00740,51.17,46.782925,4.387075347900392
BATCH-PIR-2024-00741,39.76,51.508667,-11.748666992187502
BATCH-PIR-2024-00742,95.0,92.64458,2.3554229736328125
BATCH-PIR-2024-00743,42.6,56.486885,-13.88688507080078
BATCH-PIR-2024-00744,46.69,47.678463,-0.9884629821777366
BATCH-PIR-2024-00745,59.15,66.24983,-7.099832153320314
BATCH-PIR-2024-00746,88.73,93.22161,-4.491611022949215
BATCH-PIR-2024-00747,53.62,55.844734,-2.224734191894534
BATCH-PIR-2024-00748,42.67,47.18481,-4.514810638427733
BATCH-PIR-2024-00749,56.57,56.30333,0.2666705322265628
BATCH-PIR-2024-00750,54.52,57.840862,-3.3208622741699187
BATCH-PIR-2024-00751,39.45,41.059414,-1.6094139099121065
BATCH-PIR-2024-00752,56.17,55.811405,0.3585948181152361
BATCH-PIR-2024-00753,58.59,43.488422,15.101577606201175
BATCH-PIR-2024-00754,39.75,45.819202,-6.069202423095703
BATCH-PIR-2024-00755,47.22,46.512955,0.7070452880859364
BATCH-PIR-2024-00756,58.6,56.152515,2.4474845886230483
BATCH-PIR-2024-00757,37.68,47.81094,-10.13093978881836
BATCH-PIR-2024-00758,60.48,62.559666,-2.0796656799316438
BATCH-PIR-2024-00759,39.25,49.40755,-10.157550811767578
BATCH-PIR-2024-00760,37.95,37.283813,0.6661865234375028
BATCH-PIR-2024-00761,36.96,46.62583,-9.665831604003905
BATCH-PIR-2024-00762,90.67,93.70758,-3.0375805664062483
BATCH-PIR-2024-00763,53.86,44.404785,9.45521484375
BATCH-PIR-2024-00764,15.81,26.092375,-10.282374801635742
BATCH-PIR-2024-00765,35.5,46.378613,-10.878612518310547
BATCH-PIR-2024-00766,46.46,52.578377,-6.11837677001953
BATCH-PIR-2024-00767,47.1,45.34701,1.752988433837892
BATCH-PIR-2024-00768,51.59,50.104748,1.4852522277832065
BATCH-PIR-2024-00769,26.28,36.33956,-10.059561462402343
BATCH-PIR-2024-00770,32.23,40.675022,-8.445022125244144
BATCH-PIR-2024-00771,60.17,51.93272,8.23727981567383
BATCH-PIR-2024-00772,49.93,44.097797,5.832202606201172
BATCH-PIR-2024-00773,54.47,44.10416,10.365839691162108
BATCH-PIR-2024-00774,43.33,39.56455,3.7654515075683577
BATCH-PIR-2024-00775,30.26,39.22741,-8.967409362792967
BATCH-PIR-2024-00776,36.49,46.062748,-9.572747955322264
BATCH-PIR-2024-00777,53.23,43.524044,9.705955963134762
BATCH-PIR-2024-00778,39.13,43.67134,-4.54134094238281
BATCH-PIR-2024-00779,50.61,49.192696,1.4173043823242182
BATCH-PIR-2024-00780,76.4,75.58551,0.8144897460937557
BATCH-PIR-2024-00781,45.27,42.389114,2.8808856201171906
BATCH-PIR-2024-00782,48.56,48.807396,-0.24739593505859148
BATCH-PIR-2024-00783,39.12,48.508453,-9.388453369140628
BATCH-PIR-2024-00784,34.09,44.85349,-10.763488922119137
BATCH-PIR-2024-00785,57.11,44.97648,12.133521423339843
BATCH-PIR-2024-00786,95.0,93.153244,1.8467559814453125
BATCH-PIR-2024-00787,95.0,92.05804,2.9419631958007812
BATCH-PIR-2024-00788,37.76,50.888004,-13.128004302978518
BATCH-PIR-2024-00789,32.63,47.26391,-14.633908386230466
BATCH-PIR-2024-00790,56.05,50.50235,5.547650146484372
BATCH-PIR-2024-00791,41.85,46.978355,-5.128355407714842
BATCH-PIR-2024-00792,42.73,48.22696,-5.496959228515628
BATCH-PIR-2024-00793,45.6,49.908424,-4.308424377441405
BATCH-PIR-2024-00794,57.41,50.231586,7.1784135437011685
BATCH-PIR-2024-00795,57.96,49.077732,8.88226791381836
BATCH-PIR-2024-00796,93.37,90.352264,3.0177355957031295
BATCH-PIR-2024-00797,89.23,86.57517,2.6548275756835977
BATCH-PIR-2024-00798,38.05,43.510555,-5.460555267333987
BATCH-PIR-2024-00799,95.0,93.52777,1.47222900390625
BATCH-PIR-2024-00800,52.59,48.97491,3.615089263916019
BATCH-PIR-2024-00801,48.99,48.02881,0.961191406250002
BATCH-PIR-2024-00802,60.72,56.892174,3.827826232910155
BATCH-PIR-2024-00803,49.96,49.92877,0.031231842041016478
BATCH-PIR-2024-00804,68.07,63.790253,4.279747314453118
BATCH-PIR-2024-00805,47.79,51.925083,-4.1350831604003915
BATCH-PIR-2024-00806,50.72,48.785683,1.9343173217773426
BATCH-PIR-2024-00807,50.2,55.3274,-5.127400207519528
BATCH-PIR-2024-00808,24.74,44.22631,-19.48631072998047
BATCH-PIR-2024-00809,37.06,41.88617,-4.826169433593748
BATCH-PIR-2024-00810,58.99,49.29667,9.693330993652346
BATCH-PIR-2024-00811,26.99,38.923256,-11.933255920410158
BATCH-PIR-2024-00812,27.48,48.217182,-20.737182159423828
BATCH-PIR-2024-00813,37.17,42.87933,-5.709329681396483
BATCH-PIR-2024-00814,39.81,45.57834,-5.768338623046873
BATCH-PIR-2024-00815,86.55,86.01432,0.5356796264648409
BATCH-PIR-2024-00816,38.66,42.146023,-3.486022796630863
BATCH-PIR-2024-00817,50.12,44.03391,6.086091156005857
BATCH-PIR-2024-00818,38.3,51.4791,-13.179099273681643
BATCH-PIR-2024-00819,47.73,39.264725,8.465275268554684
BATCH-PIR-2024-00820,51.02,56.319313,-5.299313049316403
BATCH-PIR-2024-00821,38.79,41.895233,-3.105233154296876
BATCH-PIR-2024-00822,79.34,87.74241,-8.402408752441403
BATCH-PIR-2024-00823,50.81,52.22409,-1.4140905761718727
BATCH-PIR-2024-00824,60.04,54.802933,5.237067260742187
BATCH-PIR-2024-00825,47.64,43.450253,4.189747467041016
BATCH-PIR-2024-00826,45.05,37.522575,7.527424621582028
BATCH-PIR-2024-00827,56.05,46.926357,9.123642730712888
BATCH-PIR-2024-00828,51.44,49.684994,1.7550062561035134
BATCH-PIR-2024-00829,44.72,39.275154,5.444845886230468
BATCH-PIR-2024-00830,60.65,45.097767,15.552233123779295
BATCH-PIR-2024-00831,31.13,46.58765,-15.457650299072267
BATCH-PIR-2024-00832,48.11,43.923103,4.186896667480468
BATCH-PIR-2024-00833,40.2,48.318214,-8.118214416503903
BATCH-PIR-2024-00834,34.75,43.256638,-8.506637573242188
BATCH-PIR-2024-00835,48.73,52.994164,-4.264163513183597
BATCH-PIR-2024-00836,77.28,85.0322,-7.752203674316405
BATCH-PIR-2024-00837,36.96,43.732735,-6.77273468017578
BATCH-PIR-2024-00838,83.07,84.0222,-0.9522015380859443
BATCH-PIR-2024-00839,49.03,44.077316,4.952683715820314
BATCH-PIR-2024-00840,64.87,51.55933,13.310670013427739
BATCH-PIR-2024-00841,93.41,93.838776,-0.4287756347656284
BATCH-PIR-2024-00842,72.77,55.6158,17.154201049804684
BATCH-PIR-2024-00843,45.32,45.727524,-0.4075238037109372
BATCH-PIR-2024-00844,71.02,59.641804,11.378196258544918
BATCH-PIR-2024-00845,39.57,48.8695,-9.299499206542968
BATCH-PIR-2024-00846,49.65,50.145374,-0.49537429809570455
BATCH-PIR-2024-00847,26.47,42.83924,-16.369241027832032
BATCH-PIR-2024-00848,78.01,60.721607,17.288392791748052
BATCH-PIR-2024-00849,53.36,64.29096,-10.930962219238282
BATCH-PIR-2024-00850,91.78,92.192665,-0.4126651000976551
BATCH-PIR-2024-00851,40.7,41.620293,-0.9202926635742159
BATCH-PIR-2024-00852,47.82,48.196938,-0.37693756103515597
BATCH-PIR-2024-00853,95.0,89.46014,5.539863586425781
BATCH-PIR-2024-00854,66.99,50.836246,16.15375350952148
BATCH-PIR-2024-00855,57.69,46.985584,10.704415740966795
BATCH-PIR-2024-00856,55.53,41.09871,14.431290893554689
BATCH-PIR-2024-00857,43.21,47.603035,-4.39303497314453
BATCH-PIR-2024-00858,36.79,48.843334,-12.053334197998048
BATCH-PIR-2024-00859,42.86,49.353268,-6.493267669677735
BATCH-PIR-2024-00860,38.86,45.42046,-6.560459747314454
BATCH-PIR-2024-00861,70.93,59.436962,11.49303787231446
BATCH-PIR-2024-00862,59.62,39.391525,20.22847473144531
BATCH-PIR-2024-00863,87.63,89.14425,-1.5142489624023483
BATCH-PIR-2024-00864,43.5,48.360294,-4.860294342041016
BATCH-PIR-2024-00865,60.99,40.320038,20.669962158203127
BATCH-PIR-2024-00866,60.79,68.47757,-7.687569580078126
BATCH-PIR-2024-00867,45.73,42.179016,3.550983886718747
BATCH-PIR-2024-00868,44.91,43.56451,1.3454896545410122
BATCH-PIR-2024-00869,64.99,65.775764,-0.7857644653320364
BATCH-PIR-2024-00870,39.92,42.54654,-2.6265393066406233
BATCH-PIR-2024-00871,56.2,50.347713,5.8522865295410185
BATCH-PIR-2024-00872,77.18,60.72666,16.4533383178711
BATCH-PIR-2024-00873,43.94,45.91783,-1.9778314208984398
BATCH-PIR-2024-00874,47.63,39.26169,8.368311767578128
BATCH-PIR-2024-00875,38.96,51.33002,-12.370020904541015
BATCH-PIR-2024-00876,38.33,42.556297,-4.2262973022460955
BATCH-PIR-2024-00877,53.63,54.34621,-0.7162104797363256
BATCH-PIR-2024-00878,92.44,86.50884,5.931157531738279
BATCH-PIR-2024-00879,58.41,50.465168,7.9448320007324185
BATCH-PIR-2024-00880,85.5,83.16639,2.3336105346679688
BATCH-PIR-2024-00881,55.32,49.3041,6.0158999633789065
BATCH-PIR-2024-00882,40.09,39.25195,0.838050689697269
BATCH-PIR-2024-00883,53.8,50.668705,3.1312950134277315
BATCH-PIR-2024-00884,56.97,47.131573,9.838427276611327
BATCH-PIR-2024-00885,55.08,43.478878,11.601121978759764
BATCH-PIR-2024-00886,38.42,43.100525,-4.680524902343748
BATCH-PIR-2024-00887,50.32,47.693653,2.626346893310547
BATCH-PIR-2024-00888,90.83,88.90049,1.929510192871092
BATCH-PIR-2024-00889,83.31,85.73122,-2.4212164306640602
BATCH-PIR-2024-00890,30.83,42.54978,-11.719781799316408
BATCH-PIR-2024-00891,58.12,54.001793,4.118207092285154
BATCH-PIR-2024-00892,36.45,40.778305,-4.328305053710935
BATCH-PIR-2024-00893,39.07,40.168823,-1.0988232421874997
BATCH-PIR-2024-00894,56.08,51.125275,4.954725341796873
BATCH-PIR-2024-00895,52.29,45.19642,7.093581237792968
BATCH-PIR-2024-00896,50.76,48.492016,2.267984161376951
BATCH-PIR-2024-00897,45.45,46.54575,-1.0957496643066378
BATCH-PIR-2024-00898,50.05,48.651917,1.3980834960937472
BATCH-PIR-2024-00899,57.26,47.930195,9.32980514526367
BATCH-PIR-2024-00900,61.36,56.22363,5.136371002197265
BATCH-PIR-2024-00901,33.72,37.29199,-3.5719883728027355
BATCH-PIR-2024-00902,41.11,50.24719,-9.137188568115235
BATCH-PIR-2024-00903,58.7,49.58831,9.111689758300784
BATCH-PIR-2024-00904,50.31,54.20609,-3.8960890197753884
BATCH-PIR-2024-00905,50.84,61.83318,-10.99317947387695
BATCH-PIR-2024-00906,25.78,43.244736,-17.464735717773436
BATCH-PIR-2024-00907,61.17,55.379433,5.7905673217773455
BATCH-PIR-2024-00908,40.63,36.658665,3.971335296630862
BATCH-PIR-2024-00909,33.03,45.53455,-12.504549713134764
BATCH-PIR-2024-00910,93.77,84.451775,9.318225402832027
BATCH-PIR-2024-00911,70.7,72.712654,-2.0126541137695284
BATCH-PIR-2024-00912,94.31,89.58923,4.720766601562502
BATCH-PIR-2024-00913,91.39,89.526985,1.8630148315429693
BATCH-PIR-2024-00914,51.06,48.773052,2.2869477844238304
BATCH-PIR-2024-00915,95.0,88.63468,6.365318298339844
BATCH-PIR-2024-00916,54.4,51.283127,3.116873168945311
BATCH-PIR-2024-00917,65.1,59.90428,5.195718383789057
BATCH-PIR-2024-00918,52.66,56.76935,-4.109348144531253
BATCH-PIR-2024-00919,95.0,91.9108,3.089202880859375
BATCH-PIR-2024-00920,54.31,54.157684,0.15231567382812727
BATCH-PIR-2024-00921,62.19,54.874485,7.315514984130857
BATCH-PIR-2024-00922,55.84,51.662548,4.1774519348144565
BATCH-PIR-2024-00923,56.76,58.206615,-1.4466154479980489
BATCH-PIR-2024-00924,44.63,52.575886,-7.945885772705076
BATCH-PIR-2024-00925,92.95,90.16919,2.780810546875003
BATCH-PIR-2024-00926,52.95,47.784546,5.165454101562503
BATCH-PIR-2024-00927,95.0,90.20264,4.79736328125
BATCH-PIR-2024-00928,49.74,42.03158,7.708418121337893
BATCH-PIR-2024-00929,41.01,48.185616,-7.175615539550783
BATCH-PIR-2024-00930,61.8,57.518723,4.28127746582031
BATCH-PIR-2024-00931,92.64,86.941376,5.698624267578126
BATCH-PIR-2024-00932,55.22,63.29818,-8.078179626464845
BATCH-PIR-2024-00933,52.11,52.481457,-0.37145675659179744
BATCH-PIR-2024-00934,95.0,90.08766,4.9123382568359375
BATCH-PIR-2024-00935,30.53,39.884007,-9.35400650024414
BATCH-PIR-2024-00936,50.21,45.461903,4.748097381591798
BATCH-PIR-2024-00937,54.18,57.62938,-3.449379272460938
BATCH-PIR-2024-00938,51.1,57.719975,-6.619974517822264
BATCH-PIR-2024-00939,39.49,43.116875,-3.6268746948242168
BATCH-PIR-2024-00940,55.63,45.89779,9.732210998535159
BATCH-PIR-2024-00941,43.26,47.369713,-4.109712829589846
BATCH-PIR-2024-00942,37.95,44.556934,-6.60693435668945
BATCH-PIR-2024-00943,29.01,42.204887,-13.194887390136717
BATCH-PIR-2024-00944,87.86,87.37785,0.48214660644531193
BATCH-PIR-2024-00945,93.98,92.092445,1.8875546264648477
BATCH-PIR-2024-00946,33.19,41.596825,-8.406824645996096
BATCH-PIR-2024-00947,52.07,50.666584,1.4034159851074222
BATCH-PIR-2024-00948,54.34,58.153797,-3.8137971496581997
BATCH-PIR-2024-00949,47.01,43.51636,3.4936387634277324
BATCH-PIR-2024-00950,79.48,86.46403,-6.984027404785152
BATCH-PIR-2024-00951,48.23,43.556576,4.6734242248535125
BATCH-PIR-2024-00952,41.22,41.302467,-0.08246734619140739
BATCH-PIR-2024-00953,73.88,72.912926,0.9670742797851517
BATCH-PIR-2024-00954,39.06,41.520626,-2.460626068115232
BATCH-PIR-2024-00955,84.59,87.724525,-3.134525451660153
BATCH-PIR-2024-00956,44.09,48.710037,-4.620037231445309
BATCH-PIR-2024-00957,54.31,46.30547,8.00453048706055
BATCH-PIR-2024-00958,53.88,44.559002,9.32099807739258
BATCH-PIR-2024-00959,52.03,47.609554,4.420445709228517
BATCH-PIR-2024-00960,39.5,49.635788,-10.135787963867188
BATCH-PIR-2024-00961,47.91,41.819305,6.090694580078122
BATCH-PIR-2024-00962,46.28,47.877895,-1.5978953552246082
BATCH-PIR-2024-00963,54.26,43.165672,11.094327697753904
BATCH-PIR-2024-00964,44.18,44.662907,-0.4829066467285159
BATCH-PIR-2024-00965,50.0,55.60386,-5.603858947753906
BATCH-PIR-2024-00966,89.47,84.925995,4.544005126953124
BATCH-PIR-2024-00967,52.52,46.23779,6.282210845947269
BATCH-PIR-2024-00968,75.67,79.76502,-4.0950222778320295
BATCH-PIR-2024-00969,61.81,56.32216,5.48784118652344
BATCH-PIR-2024-00970,37.19,53.764164,-16.574163970947268
BATCH-PIR-2024-00971,44.02,50.881233,-6.861233215332028
BATCH-PIR-2024-00972,40.15,45.00643,-4.856431579589845
BATCH-PIR-2024-00973,52.08,46.864113,5.215887145996092
BATCH-PIR-2024-00974,57.79,58.764774,-0.9747743225097665
BATCH-PIR-2024-00975,68.05,58.053444,9.996556091308591
BATCH-PIR-2024-00976,53.78,45.24854,8.531461029052736
BATCH-PIR-2024-00977,40.97,43.32459,-2.3545887756347668
BATCH-PIR-2024-00978,39.48,48.33067,-8.850669403076175
BATCH-PIR-2024-00979,58.0,54.585903,3.4140968322753906
BATCH-PIR-2024-00980,40.43,45.29916,-4.86916000366211
BATCH-PIR-2024-00981,66.22,50.116272,16.10372802734375
BATCH-PIR-2024-00982,36.85,44.393307,-7.543306732177733
BATCH-PIR-2024-00983,74.66,57.8433,16.81670013427734
BATCH-PIR-2024-00984,31.7,40.91586,-9.21585922241211
BATCH-PIR-2024-00985,61.96,60.487705,1.4722947692871102
BATCH-PIR-2024-00986,36.23,47.89596,-11.665961761474613
BATCH-PIR-2024-00987,95.0,85.0477,9.952301025390625
BATCH-PIR-2024-00988,53.17,46.154526,7.015474243164064
BATCH-PIR-2024-00989,39.12,47.514004,-8.394003753662112
BATCH-PIR-2024-00990,33.93,45.117157,-11.187156982421875
BATCH-PIR-2024-00991,43.03,40.44364,2.586358337402345
BATCH-PIR-2024-00992,49.99,43.975555,6.014444580078127
BATCH-PIR-2024-00993,38.31,50.38508,-12.075078430175779
BATCH-PIR-2024-00994,47.87,41.7541,6.115899200439451
BATCH-PIR-2024-00995,45.29,45.93403,-0.6440286254882821
BATCH-PIR-2024-00996,95.0,84.296974,10.703025817871094
BATCH-PIR-2024-00997,45.51,48.385445,-2.8754446411132832
BATCH-PIR-2024-00998,68.55,55.253193,13.296807098388669
BATCH-PIR-2024-00999,39.96,55.588863,-15.628863372802734
BATCH-PIR-2024-01000,48.76,55.7044,-6.944399108886721
BATCH-PIR-2024-01001,88.72,91.35103,-2.6310284423828136
BATCH-PIR-2024-01002,66.81,62.29529,4.514708099365237
BATCH-PIR-2024-01003,60.35,49.20342,11.146581268310548
BATCH-PIR-2024-01004,46.52,47.783333,-1.2633328247070281
BATCH-PIR-2024-01005,32.39,42.772087,-10.382087097167968
BATCH-PIR-2024-01006,59.23,65.70293,-6.472926635742191
BATCH-PIR-2024-01007,54.83,56.42197,-1.5919703674316423
BATCH-PIR-2024-01008,34.35,40.476204,-6.12620391845703
BATCH-PIR-2024-01009,53.63,45.85566,7.774340515136721
BATCH-PIR-2024-01010,54.94,57.210274,-2.2702737426757835
BATCH-PIR-2024-01011,31.67,40.865536,-9.195535736083983
BATCH-PIR-2024-01012,42.88,51.732986,-8.85298645019531
BATCH-PIR-2024-01013,32.6,45.99259,-13.392591857910155
BATCH-PIR-2024-01014,91.14,86.47657,4.663429870605469
BATCH-PIR-2024-01015,43.7,48.53383,-4.83382873535156
BATCH-PIR-2024-01016,37.87,51.931652,-14.0616520690918
BATCH-PIR-2024-01017,44.49,41.671925,2.818075408935549
BATCH-PIR-2024-01018,71.29,70.290436,0.9995642089843813
BATCH-PIR-2024-01019,84.41,86.92414,-2.5141409301757847
BATCH-PIR-2024-01020,48.21,50.354668,-2.144667663574218
BATCH-PIR-2024-01021,41.18,44.271782,-3.091781921386719
BATCH-PIR-2024-01022,33.91,46.08483,-12.174831237792972
BATCH-PIR-2024-01023,39.62,50.300865,-10.680865173339846
BATCH-PIR-2024-01024,32.79,50.705822,-17.915821990966798
BATCH-PIR-2024-01025,53.65,43.23213,10.417871856689452
BATCH-PIR-2024-01026,53.48,47.05136,6.428638916015622
BATCH-PIR-2024-01027,71.66,57.08208,14.577919158935543
BATCH-PIR-2024-01028,57.69,50.25163,7.438371124267576
BATCH-PIR-2024-01029,42.01,48.241062,-6.231062164306643
BATCH-PIR-2024-01030,55.27,46.77771,8.492290039062503
BATCH-PIR-2024-01031,38.43,35.875866,2.554134063720703
BATCH-PIR-2024-01032,48.93,46.159092,2.770908050537109
BATCH-PIR-2024-01033,38.38,49.58846,-11.208459014892576
BATCH-PIR-2024-01034,58.73,47.431404,11.298595886230466
BATCH-PIR-2024-01035,53.58,53.66931,-0.0893115234375017
BATCH-PIR-2024-01036,38.21,41.41951,-3.2095098876953116
BATCH-PIR-2024-01037,36.04,41.344086,-5.304085693359376
BATCH-PIR-2024-01038,45.87,41.543793,4.326207275390622
BATCH-PIR-2024-01039,49.71,40.18826,9.521740875244141
BATCH-PIR-2024-01040,50.48,49.86611,0.6138882446289031
BATCH-PIR-2024-01041,52.45,37.47503,14.974971008300784
BATCH-PIR-2024-01042,59.65,53.799316,5.850683593749999
BATCH-PIR-2024-01043,73.86,58.66462,15.195380554199218
BATCH-PIR-2024-01044,42.71,49.127045,-6.417044677734374
BATCH-PIR-2024-01045,41.46,31.54681,9.913189849853516
BATCH-PIR-2024-01046,23.7,41.121178,-17.421177673339844
BATCH-PIR-2024-01047,87.34,85.81604,1.5239599609375034
BATCH-PIR-2024-01048,29.62,40.03214,-10.41213882446289
BATCH-PIR-2024-01049,39.29,44.56743,-5.277428588867188
BATCH-PIR-2024-01050,51.74,44.77349,6.966509094238283
BATCH-PIR-2024-01051,44.91,48.740314,-3.8303144836425815
BATCH-PIR-2024-01052,47.49,43.931572,3.5584280395507832
BATCH-PIR-2024-01053,49.83,37.860977,11.969022827148436
BATCH-PIR-2024-01054,45.68,57.007782,-11.327781982421875
BATCH-PIR-2024-01055,46.05,44.67351,1.376488494873044
BATCH-PIR-2024-01056,82.48,88.14391,-5.663913269042965
BATCH-PIR-2024-01057,40.16,41.617588,-1.457588043212894
BATCH-PIR-2024-01058,40.29,46.65499,-6.364991149902345
BATCH-PIR-2024-01059,39.63,45.180252,-5.55025207519531
BATCH-PIR-2024-01060,50.85,44.59924,6.250760650634767
BATCH-PIR-2024-01061,28.76,31.313656,-2.553655853271483
BATCH-PIR-2024-01062,38.33,46.985897,-8.655897064208986
BATCH-PIR-2024-01063,31.22,40.547394,-9.327393798828126
BATCH-PIR-2024-01064,83.7,89.68384,-5.983837890624997
BATCH-PIR-2024-01065,45.31,40.509193,4.800806579589846
BATCH-PIR-2024-01066,86.24,84.81589,1.4241125488281199
BATCH-PIR-2024-01067,33.04,36.106873,-3.066872558593751
BATCH-PIR-2024-01068,45.97,54.33072,-8.360718994140626
BATCH-PIR-2024-01069,49.76,38.291786,11.468213806152342
BATCH-PIR-2024-01070,41.05,41.65661,-0.6066085815429716
BATCH-PIR-2024-01071,49.83,43.59648,6.233518676757811
BATCH-PIR-2024-01072,43.03,44.82186,-1.7918612670898426
BATCH-PIR-2024-01073,52.35,54.72906,-2.379061126708983
BATCH-PIR-2024-01074,80.1,83.96728,-3.8672775268554744
BATCH-PIR-2024-01075,51.71,44.764904,6.945095977783204
BATCH-PIR-2024-01076,86.85,88.85802,-2.008016967773443
BATCH-PIR-2024-01077,95.0,86.324005,8.675994873046875
BATCH-PIR-2024-01078,39.68,44.278164,-4.59816390991211
BATCH-PIR-2024-01079,40.75,45.030228,-4.2802276611328125
BATCH-PIR-2024-01080,56.13,49.638958,6.491042022705081
BATCH-PIR-2024-01081,56.36,46.463734,9.896266326904296
BATCH-PIR-2024-01082,58.09,50.19125,7.898750152587894
BATCH-PIR-2024-01083,95.0,93.2245,1.7754974365234375
BATCH-PIR-2024-01084,82.61,81.350555,1.2594445800781244
BATCH-PIR-2024-01085,44.69,43.69818,0.9918188476562477
BATCH-PIR-2024-01086,62.3,46.96799,15.332009124755857
BATCH-PIR-2024-01087,34.58,45.479317,-10.899316711425783
BATCH-PIR-2024-01088,73.19,60.588715,12.601285400390623
BATCH-PIR-2024-01089,56.28,54.571697,1.7083027648925793
BATCH-PIR-2024-01090,45.15,47.88419,-2.734189605712892
BATCH-PIR-2024-01091,90.99,87.35778,3.632219543457026
BATCH-PIR-2024-01092,59.14,55.705185,3.434815063476563
BATCH-PIR-2024-01093,95.0,88.13603,6.8639678955078125
BATCH-PIR-2024-01094,51.64,41.88207,9.757931365966797
BATCH-PIR-2024-01095,89.29,87.05676,2.2332373046875063
BATCH-PIR-2024-01096,40.23,42.96703,-2.7370295715332063
BATCH-PIR-2024-01097,38.78,39.375286,-0.5952861022949207
BATCH-PIR-2024-01098,44.08,43.999664,0.0803356933593733
BATCH-PIR-2024-01099,43.34,48.217293,-4.877292785644528
BATCH-PIR-2024-01100,95.0,89.04849,5.951507568359375
BATCH-PIR-2024-01101,40.23,48.294254,-8.064254302978519
BATCH-PIR-2024-01102,46.04,46.973103,-0.933102569580079
BATCH-PIR-2024-01103,49.16,50.995125,-1.8351248168945347
BATCH-PIR-2024-01104,78.91,83.41959,-4.50959381103516
BATCH-PIR-2024-01105,44.35,56.86497,-12.51497116088867
BATCH-PIR-2024-01106,51.38,64.035034,-12.655034179687497
BATCH-PIR-2024-01107,47.39,42.715954,4.674046173095704
BATCH-PIR-2024-01108,39.9,47.174503,-7.274503326416017
BATCH-PIR-2024-01109,51.35,62.247242,-10.897241973876952
BATCH-PIR-2024-01110,42.68,42.93326,-0.2532618713378909
BATCH-PIR-2024-01111,56.83,49.27438,7.555620269775389
BATCH-PIR-2024-01112,63.8,60.3979,3.4021003723144503
BATCH-PIR-2024-01113,39.34,51.3359,-11.99589935302734
BATCH-PIR-2024-01114,38.7,41.835068,-3.1350677490234347
BATCH-PIR-2024-01115,57.02,64.45216,-7.432163696289059
BATCH-PIR-2024-01116,74.09,61.434895,12.655105438232425
BATCH-PIR-2024-01117,42.34,54.200687,-11.860687408447262
BATCH-PIR-2024-01118,52.63,44.38,8.249998931884768
BATCH-PIR-2024-01119,52.23,49.320087,2.9099125671386687
BATCH-PIR-2024-01120,48.86,42.86885,5.991149291992187
BATCH-PIR-2024-01121,31.73,46.11555,-14.385550994873046
BATCH-PIR-2024-01122,41.94,51.00434,-9.064341125488284
BATCH-PIR-2024-01123,40.51,43.790936,-3.280935516357424
BATCH-PIR-2024-01124,42.81,46.743206,-3.9332060241699196
BATCH-PIR-2024-01125,39.88,41.694427,-1.8144274902343724
BATCH-PIR-2024-01126,33.49,40.38491,-6.894910583496092
BATCH-PIR-2024-01127,33.43,42.269794,-8.839794464111328
BATCH-PIR-2024-01128,36.7,44.1699,-7.469898986816403
BATCH-PIR-2024-01129,42.16,40.093277,2.066723022460934
BATCH-PIR-2024-01130,25.04,37.047497,-12.007496795654298
BATCH-PIR-2024-01131,53.4,45.25828,8.141718292236327
BATCH-PIR-2024-01132,51.45,43.698967,7.751033020019534
BATCH-PIR-2024-01133,44.71,42.451668,2.2583322143554696
BATCH-PIR-2024-01134,50.76,41.764587,8.995412597656248
BATCH-PIR-2024-01135,42.37,46.207615,-3.837614898681643
BATCH-PIR-2024-01136,59.51,50.16235,9.347650299072264
BATCH-PIR-2024-01137,34.29,29.840397,4.4496031188964835
BATCH-PIR-2024-01138,52.45,58.259842,-5.80984191894531
BATCH-PIR-2024-01139,58.29,49.748814,8.541186370849609
BATCH-PIR-2024-01140,36.3,37.613445,-1.3134452819824247
BATCH-PIR-2024-01141,64.38,54.149757,10.23024261474609
BATCH-PIR-2024-01142,60.35,50.36649,9.98351058959961
BATCH-PIR-2024-01143,34.77,45.07409,-10.304089050292966
BATCH-PIR-2024-01144,54.75,46.42969,8.320308685302734
BATCH-PIR-2024-01145,77.07,85.52104,-8.451041870117194
BATCH-PIR-2024-01146,64.43,57.01473,7.415271453857429
BATCH-PIR-2024-01147,90.93,91.23906,-0.3090594482421807
BATCH-PIR-2024-01148,64.35,65.66894,-1.3189376831054744
BATCH-PIR-2024-01149,87.88,84.90518,2.9748181152343705
BATCH-PIR-2024-01150,49.12,49.73537,-0.6153706359863307
BATCH-PIR-2024-01151,30.61,44.3656,-13.7556005859375
BATCH-PIR-2024-01152,41.61,53.445442,-11.835442199707032
BATCH-PIR-2024-01153,39.32,48.028152,-8.708152465820312
BATCH-PIR-2024-01154,64.93,57.596874,7.33312576293946
BATCH-PIR-2024-01155,86.08,84.32395,1.756048278808592
BATCH-PIR-2024-01156,60.76,56.664825,4.095174560546873
BATCH-PIR-2024-01157,91.02,91.10333,-0.08333251953125398
BATCH-PIR-2024-01158,44.21,43.058716,1.1512841796875009
BATCH-PIR-2024-01159,89.78,83.399536,6.380463867187501
BATCH-PIR-2024-01160,39.47,48.776516,-9.30651596069336
BATCH-PIR-2024-01161,38.07,52.350513,-14.280513458251953
BATCH-PIR-2024-01162,39.2,47.047634,-7.8476341247558565
BATCH-PIR-2024-01163,50.77,58.741158,-7.971157531738278
BATCH-PIR-2024-01164,45.9,41.348446,4.551554107666014
BATCH-PIR-2024-01165,43.75,53.74437,-9.994369506835938
BATCH-PIR-2024-01166,41.32,46.201855,-4.881854705810547
BATCH-PIR-2024-01167,54.13,54.900673,-0.7706729125976537
BATCH-PIR-2024-01168,46.77,47.35625,-0.58625076293945
BATCH-PIR-2024-01169,48.95,45.90063,3.0493690490722685
BATCH-PIR-2024-01170,95.0,90.04182,4.958183288574219
BATCH-PIR-2024-01171,95.0,92.91364,2.0863571166992188
BATCH-PIR-2024-01172,32.16,44.322468,-12.162467803955082
BATCH-PIR-2024-01173,49.5,56.15642,-6.656421661376953
BATCH-PIR-2024-01174,62.39,57.639305,4.750694885253907
BATCH-PIR-2024-01175,40.34,37.567974,2.7720259094238315
BATCH-PIR-2024-01176,54.53,46.981853,7.548146514892579
BATCH-PIR-2024-01177,50.42,53.274384,-2.8543835449218733
BATCH-PIR-2024-01178,24.18,38.28257,-14.102569885253907
BATCH-PIR-2024-01179,44.37,46.217735,-1.8477352905273463
BATCH-PIR-2024-01180,52.6,54.33415,-1.7341484069824205
BATCH-PIR-2024-01181,42.78,52.07428,-9.294279785156249
BATCH-PIR-2024-01182,42.35,43.54453,-1.1945289611816392
BATCH-PIR-2024-01183,34.97,41.297653,-6.327653198242189
BATCH-PIR-2024-01184,53.72,57.37864,-3.6586392211914074
BATCH-PIR-2024-01185,44.72,48.896812,-4.176812438964845
BATCH-PIR-2024-01186,71.69,77.31404,-5.624041137695315
BATCH-PIR-2024-01187,60.64,46.207237,14.432762756347657
BATCH-PIR-2024-01188,37.87,45.428608,-7.558607940673831
BATCH-PIR-2024-01189,45.44,39.653553,5.786446990966795
BATCH-PIR-2024-01190,43.81,32.430923,11.37907653808594
BATCH-PIR-2024-01191,75.32,86.37321,-11.053207092285163
BATCH-PIR-2024-01192,47.05,39.69665,7.353348541259763
BATCH-PIR-2024-01193,48.42,45.271057,3.1489428710937517
BATCH-PIR-2024-01194,88.72,85.08981,3.630186767578124
BATCH-PIR-2024-01195,44.74,44.121872,0.6181280517578145
BATCH-PIR-2024-01196,90.73,88.26844,2.4615597534179727
BATCH-PIR-2024-01197,83.88,86.19341,-2.3134127807617233
BATCH-PIR-2024-01198,35.68,44.06163,-8.381630249023438
BATCH-PIR-2024-01199,63.3,50.33237,12.967629241943357
BATCH-PIR-2024-01200,33.57,39.691795,-6.1217953491210935
BATCH-PIR-2024-01201,51.61,45.041866,6.568133697509765
BATCH-PIR-2024-01202,62.83,47.82212,15.007879333496092
BATCH-PIR-2024-01203,54.02,39.87069,14.14931060791016
BATCH-PIR-2024-01204,36.34,51.10434,-14.764339599609372
BATCH-PIR-2024-01205,38.45,46.744892,-8.294892120361325
BATCH-PIR-2024-01206,52.65,49.857025,2.7929748535156236
BATCH-PIR-2024-01207,41.45,42.195457,-0.7454574584960909
BATCH-PIR-2024-01208,48.74,46.241436,2.49856399536133
BATCH-PIR-2024-01209,48.27,57.14602,-8.87601898193359
BATCH-PIR-2024-01210,57.29,52.816086,4.473914184570312
BATCH-PIR-2024-01211,37.42,48.96619,-11.546190338134764
BATCH-PIR-2024-01212,48.94,46.20478,2.7352194213867165
BATCH-PIR-2024-01213,39.58,48.291306,-8.71130554199219
BATCH-PIR-2024-01214,62.24,52.55855,9.681448211669924
BATCH-PIR-2024-01215,46.2,52.214787,-6.014786529541013
BATCH-PIR-2024-01216,32.25,42.38819,-10.138191223144531
BATCH-PIR-2024-01217,43.49,42.049644,1.4403555297851582
BATCH-PIR-2024-01218,47.48,50.44223,-2.962230224609378
BATCH-PIR-2024-01219,44.37,50.764896,-6.394896392822268
BATCH-PIR-2024-01220,37.37,49.278416,-11.908415679931643
BATCH-PIR-2025-00001,30.0,42.41314,-12.413139343261719
BATCH-PIR-2025-00002,45.77,37.309704,8.460296173095706
BATCH-PIR-2025-00003,63.37,55.306984,8.063016052246091
BATCH-PIR-2025-00004,43.05,45.29812,-2.2481185913085966
BATCH-PIR-2025-00005,54.43,44.908195,9.521804504394531
BATCH-PIR-2025-00006,18.42,31.391876,-12.971876220703123
BATCH-PIR-2025-00007,56.75,46.872726,9.877273559570312
BATCH-PIR-2025-00008,59.19,61.22068,-2.0306802368164085
BATCH-PIR-2025-00009,46.94,53.738586,-6.798586425781252
BATCH-PIR-2025-00010,49.93,44.102665,5.827335052490234
BATCH-PIR-2025-00011,57.06,44.739235,12.320765075683596
BATCH-PIR-2025-00012,52.35,51.283894,1.0661064147949233
BATCH-PIR-2025-00013,43.79,47.194862,-3.404862365722657
BATCH-PIR-2025-00014,36.12,42.784206,-6.664206390380862
BATCH-PIR-2025-00015,40.38,43.43939,-3.059388275146482
BATCH-PIR-2025-00016,46.02,40.638443,5.381557006835941
BATCH-PIR-2025-00017,65.7,59.345287,6.354712677001956
BATCH-PIR-2025-00018,55.86,56.284863,-0.42486251831054744
BATCH-PIR-2025-00019,88.46,81.64172,6.818276367187494
BATCH-PIR-2025-00020,45.94,42.170265,3.7697348022460915
BATCH-PIR-2025-00021,81.29,83.84975,-2.5597467041015562
BATCH-PIR-2025-00022,70.13,67.4652,2.6647976684570267
BATCH-PIR-2025-00023,42.01,42.268055,-0.2580549621582051
BATCH-PIR-2025-00024,53.31,39.657307,13.652693328857424
BATCH-PIR-2025-00025,75.61,67.718346,7.891654357910156
BATCH-PIR-2025-00026,78.89,79.04284,-0.15283905029296818
BATCH-PIR-2025-00027,42.22,53.566483,-11.346482543945314
BATCH-PIR-2025-00028,46.66,53.075264,-6.415263977050785
BATCH-PIR-2025-00029,34.05,42.682697,-8.632697296142581
BATCH-PIR-2025-00030,50.44,53.57533,-3.135328826904299
BATCH-PIR-2025-00031,54.27,53.254837,1.0151629638671906
BATCH-PIR-2025-00032,49.84,51.929882,-2.0898820495605435
BATCH-PIR-2025-00033,92.86,84.882996,7.977004394531249
BATCH-PIR-2025-00034,51.91,54.119373,-2.2093733215332065
BATCH-PIR-2025-00035,44.15,39.578506,4.571493530273436
BATCH-PIR-2025-00036,59.26,53.155224,6.104776153564451
BATCH-PIR-2025-00037,47.83,54.94046,-7.110460205078127
BATCH-PIR-2025-00038,57.33,49.406746,7.923254089355467
BATCH-PIR-2025-00039,57.01,50.32879,6.681211242675779
BATCH-PIR-2025-00040,55.48,46.43878,9.041218261718747
BATCH-PIR-2025-00041,50.45,49.780533,0.6694671630859403
BATCH-PIR-2025-00042,47.09,46.648026,0.4419744873046909
BATCH-PIR-2025-00043,41.92,42.055195,-0.13519485473632642
BATCH-PIR-2025-00044,49.58,44.58015,4.999849395751951
BATCH-PIR-2025-00045,56.24,51.759453,4.480547180175783
BATCH-PIR-2025-00046,36.35,41.282154,-4.932154083251952
BATCH-PIR-2025-00047,46.38,35.88373,10.496268157958987
BATCH-PIR-2025-00048,39.3,41.00993,-1.7099296569824247
BATCH-PIR-2025-00049,53.7,43.012985,10.687014770507815
BATCH-PIR-2025-00050,54.03,47.45388,6.576119689941407
BATCH-PIR-2025-00051,49.27,50.78665,-1.5166516113281219
BATCH-PIR-2025-00052,36.53,42.278934,-5.7489344787597645
BATCH-PIR-2025-00053,34.06,42.158485,-8.098485412597654
BATCH-PIR-2025-00054,58.06,48.236256,9.82374435424805
BATCH-PIR-2025-00055,42.9,42.62718,0.2728218078613267
BATCH-PIR-2025-00056,46.79,46.319897,0.4701033020019523
BATCH-PIR-2025-00057,94.19,90.824745,3.3652548217773415
BATCH-PIR-2025-00058,37.36,46.480103,-9.1201025390625
BATCH-PIR-2025-00059,41.79,46.27275,-4.482750854492188
BATCH-PIR-2025-00060,38.19,36.819233,1.3707670593261696
BATCH-PIR-2025-00061,40.71,46.482983,-5.772982635498046
BATCH-PIR-2025-00062,46.23,47.8946,-1.6645999145507844
BATCH-PIR-2025-00063,41.61,42.761684,-1.15168441772461
BATCH-PIR-2025-00064,85.87,91.4155,-5.5454968261718705
BATCH-PIR-2025-00065,48.72,44.31299,4.407011718749999
BATCH-PIR-2025-00066,33.41,44.2093,-10.79930099487305
BATCH-PIR-2025-00067,57.92,43.081272,14.838727874755861
BATCH-PIR-2025-00068,55.35,52.367996,2.982003784179689
BATCH-PIR-2025-00069,53.7,46.157738,7.542262268066409
BATCH-PIR-2025-00070,60.95,47.065304,13.884696197509768
BATCH-PIR-2025-00071,54.78,57.136402,-2.356402130126952
BATCH-PIR-2025-00072,43.06,44.890102,-1.830102386474607
BATCH-PIR-2025-00073,66.98,60.639046,6.340954284667973
BATCH-PIR-2025-00074,53.62,45.375397,8.244603271484372
BATCH-PIR-2025-00075,51.48,40.58697,10.893028717041012
BATCH-PIR-2025-00076,29.91,42.80356,-12.893558349609375
BATCH-PIR-2025-00077,46.46,41.79213,4.667870483398438
BATCH-PIR-2025-00078,88.83,81.44596,7.384039001464842
BATCH-PIR-2025-00079,53.11,42.128365,10.981635437011718
BATCH-PIR-2025-00080,36.24,42.493893,-6.253892669677732
BATCH-PIR-2025-00081,59.5,57.96467,1.5353317260742188
BATCH-PIR-2025-00082,88.86,85.86136,2.9986413574218744
BATCH-PIR-2025-00083,44.75,43.132984,1.6170158386230469
BATCH-PIR-2025-00084,50.19,49.01312,1.1768812561035134
BATCH-PIR-2025-00085,46.83,40.514774,6.315225677490233
BATCH-PIR-2025-00086,50.87,45.41058,5.459420318603513
BATCH-PIR-2025-00087,38.14,44.9517,-6.811698303222656
BATCH-PIR-2025-00088,64.51,57.752747,6.757253417968755
BATCH-PIR-2025-00089,37.62,48.951412,-11.331412200927737
BATCH-PIR-2025-00090,53.26,52.592194,0.667806396484373
BATCH-PIR-2025-00091,45.79,45.668076,0.12192443847656165
BATCH-PIR-2025-00092,43.07,45.692463,-2.622462921142578
BATCH-PIR-2025-00093,35.86,43.612125,-7.752125396728516
BATCH-PIR-2025-00094,36.73,40.396687,-3.6666865539550813
BATCH-PIR-2025-00095,35.54,49.63642,-14.096421203613282
BATCH-PIR-2025-00096,60.54,43.44731,17.09268859863281
BATCH-PIR-2025-00097,39.49,44.3871,-4.8971002197265605
BATCH-PIR-2025-00098,22.68,32.964073,-10.284073181152344
BATCH-PIR-2025-00099,34.54,45.79294,-11.252938232421876
BATCH-PIR-2025-00100,44.62,38.38108,6.238919372558591
BATCH-PIR-2025-00101,53.77,54.970333,-1.2003330993652312
BATCH-PIR-2025-00102,36.92,45.244873,-8.324873046874998
BATCH-PIR-2025-00103,64.56,53.890896,10.669104156494143
BATCH-PIR-2025-00104,57.97,50.385117,7.584883422851561
BATCH-PIR-2025-00105,31.61,42.0669,-10.456898345947266
BATCH-PIR-2025-00106,37.51,42.755917,-5.245916595458986
BATCH-PIR-2025-00107,57.68,51.579113,6.100886993408203
BATCH-PIR-2025-00108,53.1,35.876503,17.223497009277345
BATCH-PIR-2025-00109,30.61,37.45212,-6.842121734619141
BATCH-PIR-2025-00110,86.91,88.58208,-1.672077026367191
BATCH-PIR-2025-00111,40.57,43.271263,-2.7012631225585935
BATCH-PIR-2025-00112,95.0,87.31354,7.68646240234375
BATCH-PIR-2025-00113,43.06,40.52117,2.5388284301757835
BATCH-PIR-2025-00114,80.14,82.26665,-2.126647338867187
BATCH-PIR-2025-00115,54.27,46.88935,7.380649108886722
BATCH-PIR-2025-00116,54.42,47.253727,7.166273040771486
BATCH-PIR-2025-00117,62.76,52.26601,10.49398971557617
BATCH-PIR-2025-00118,55.52,45.896267,9.623733062744144
BATCH-PIR-2025-00119,32.5,45.75124,-13.251239776611328
BATCH-PIR-2025-00120,71.97,56.799824,15.17017623901367
BATCH-PIR-2025-00121,87.32,91.54947,-4.229468994140632
BATCH-PIR-2025-00122,48.98,49.16139,-0.1813883972168
BATCH-PIR-2025-00123,60.68,54.890568,5.789432220458984
BATCH-PIR-2025-00124,47.39,49.273445,-1.8834451293945307
BATCH-PIR-2025-00125,55.28,45.268173,10.011826782226564
BATCH-PIR-2025-00126,47.39,39.41643,7.973568572998047
BATCH-PIR-2025-00127,88.54,92.326065,-3.7860650634765562
BATCH-PIR-2025-00128,53.84,63.477093,-9.637092742919918
BATCH-PIR-2025-00129,56.15,54.539635,1.6103652954101548
BATCH-PIR-2025-00130,20.77,35.136288,-14.366287689208985
BATCH-PIR-2025-00131,30.32,41.69144,-11.37144058227539
BATCH-PIR-2025-00132,51.44,43.711002,7.728997650146482
BATCH-PIR-2025-00133,85.24,78.55558,6.684419860839839
BATCH-PIR-2025-00134,53.88,56.584595,-2.7045947265624974
BATCH-PIR-2025-00135,48.65,55.101616,-6.45161590576172
BATCH-PIR-2025-00136,35.41,43.45549,-8.045490112304691
BATCH-PIR-2025-00137,60.37,50.192505,10.177495117187497
BATCH-PIR-2025-00138,80.06,85.29762,-5.23762268066406
BATCH-PIR-2025-00139,59.93,55.68889,4.241111450195312
BATCH-PIR-2025-00140,55.94,43.650406,12.289594116210935
BATCH-PIR-2025-00141,43.59,56.547516,-12.957515869140622
BATCH-PIR-2025-00142,39.99,43.91006,-3.9200608825683574
BATCH-PIR-2025-00143,59.9,63.36813,-3.468129730224611
BATCH-PIR-2025-00144,48.89,38.92574,9.964260711669922
BATCH-PIR-2025-00145,49.89,48.28644,1.603558197021485
BATCH-PIR-2025-00146,43.25,42.29655,0.9534492492675781
BATCH-PIR-2025-00147,64.9,59.47516,5.424841308593756
BATCH-PIR-2025-00148,34.5,50.585945,-16.08594512939453
BATCH-PIR-2025-00149,46.2,49.60217,-3.4021690368652315
BATCH-PIR-2025-00150,95.0,92.76088,2.2391204833984375
BATCH-PIR-2025-00151,65.37,60.78193,4.588070983886723
BATCH-PIR-2025-00152,81.71,84.152374,-2.4423742675781313
BATCH-PIR-2025-00153,66.13,52.74025,13.389750366210933
BATCH-PIR-2025-00154,43.3,46.50061,-3.200610351562503
BATCH-PIR-2025-00155,63.08,55.02194,8.058061676025389
BATCH-PIR-2025-00156,33.34,40.519108,-7.179107818603512
BATCH-PIR-2025-00157,76.91,87.65412,-10.744121398925785
BATCH-PIR-2025-00158,52.42,48.665165,3.754835052490236
BATCH-PIR-2025-00159,29.27,46.527943,-17.257942657470704
BATCH-PIR-2025-00160,48.2,41.88232,6.3176795959472685
BATCH-PIR-2025-00161,55.41,45.859222,9.550777587890622
BATCH-PIR-2025-00162,42.92,51.77028,-8.85027893066406
BATCH-PIR-2025-00163,60.99,47.402294,13.587705841064455
BATCH-PIR-2025-00164,55.9,47.433815,8.466184997558592
BATCH-PIR-2025-00165,95.0,89.59646,5.403541564941406
BATCH-PIR-2025-00166,54.12,54.116215,0.003785247802731817
BATCH-PIR-2025-00167,55.93,55.269596,0.6604039001464841
BATCH-PIR-2025-00168,42.98,49.33712,-6.357120056152347
BATCH-PIR-2025-00169,40.94,46.17644,-5.236441192626955
BATCH-PIR-2025-00170,67.75,59.534073,8.215927124023438
BATCH-PIR-2025-00171,53.56,51.639473,1.920527038574221
BATCH-PIR-2025-00172,35.0,48.03241,-13.03240966796875
BATCH-PIR-2025-00173,52.55,47.132755,5.4172447204589815
BATCH-PIR-2025-00174,28.82,41.033848,-12.21384780883789
BATCH-PIR-2025-00175,40.08,52.557327,-12.477327270507814
BATCH-PIR-2025-00176,52.18,50.998245,1.1817547607421872
BATCH-PIR-2025-00177,53.86,59.955383,-6.095383300781251
BATCH-PIR-2025-00178,64.06,60.384884,3.675116119384768
BATCH-PIR-2025-00179,52.18,56.11262,-3.932621307373047
BATCH-PIR-2025-00180,46.31,52.546494,-6.236493530273435
BATCH-PIR-2025-00181,40.22,43.932415,-3.712415008544923
BATCH-PIR-2025-00182,56.6,38.565147,18.034852600097658
BATCH-PIR-2025-00183,35.84,39.956425,-4.116424713134762
BATCH-PIR-2025-00184,43.81,49.130383,-5.320382537841795
BATCH-PIR-2025-00185,42.12,48.61876,-6.49875915527344
BATCH-PIR-2025-00186,44.4,54.780067,-10.380067443847658
BATCH-PIR-2025-00187,38.87,52.521553,-13.651553039550784
BATCH-PIR-2025-00188,41.46,47.246834,-5.78683380126953
BATCH-PIR-2025-00189,51.01,41.680515,9.329484710693357
BATCH-PIR-2025-00190,37.57,43.969017,-6.3990170288085935
BATCH-PIR-2025-00191,51.86,48.20907,3.6509317016601557
BATCH-PIR-2025-00192,48.02,45.210102,2.809897918701175
BATCH-PIR-2025-00193,40.6,36.128735,4.4712654113769545
BATCH-PIR-2025-00194,37.86,42.280216,-4.420216217041016
BATCH-PIR-2025-00195,37.88,40.791122,-2.911122436523435
BATCH-PIR-2025-00196,47.52,44.530186,2.9898143005371125
BATCH-PIR-2025-00197,95.0,85.8513,9.148696899414062
BATCH-PIR-2025-00198,56.55,50.513916,6.036083984374997
BATCH-PIR-2025-00199,48.03,52.564884,-4.5348841857910145
BATCH-PIR-2025-00200,63.57,53.320858,10.249141998291016
BATCH-PIR-2025-00201,35.78,40.54507,-4.765070648193358
BATCH-PIR-2025-00202,46.52,41.00553,5.514468688964847
BATCH-PIR-2025-00203,95.0,86.0623,8.937698364257812
BATCH-PIR-2025-00204,49.66,44.966614,4.693386230468747
BATCH-PIR-2025-00205,23.56,42.39462,-18.83461898803711
BATCH-PIR-2025-00206,47.52,53.921677,-6.401676635742184
BATCH-PIR-2025-00207,61.17,54.46957,6.700429840087892
BATCH-PIR-2025-00208,39.15,47.87021,-8.720208740234376
BATCH-PIR-2025-00209,87.87,82.980576,4.889424438476567
BATCH-PIR-2025-00210,58.81,45.266506,13.543493804931643
BATCH-PIR-2025-00211,40.82,52.633472,-11.813472442626953
BATCH-PIR-2025-00212,28.05,42.16425,-14.114249420166015
BATCH-PIR-2025-00213,58.57,45.706707,12.863292999267578
BATCH-PIR-2025-00214,55.37,50.34108,5.028920288085935
BATCH-PIR-2025-00215,45.73,39.302383,6.427616577148434
BATCH-PIR-2025-00216,53.35,56.700752,-3.35075225830078
BATCH-PIR-2025-00217,61.62,59.479218,2.1407824707031224
BATCH-PIR-2025-00218,37.09,48.005787,-10.91578689575195
BATCH-PIR-2025-00219,52.96,41.98104,10.978959045410157
BATCH-PIR-2025-00220,69.31,62.45147,6.8585305786132835
BATCH-PIR-2025-00221,50.22,55.566902,-5.346902160644532
BATCH-PIR-2025-00222,95.0,91.907875,3.0921249389648438
BATCH-PIR-2025-00223,40.65,42.16494,-1.5149398803710952
BATCH-PIR-2025-00224,45.63,53.32802,-7.69801818847656
BATCH-PIR-2025-00225,90.86,91.10507,-0.24507202148437557
BATCH-PIR-2025-00226,41.39,44.62402,-3.234019622802734
BATCH-PIR-2025-00227,59.67,59.69947,-0.029470520019529545
BATCH-PIR-2025-00228,60.67,58.000164,2.66983596801758
BATCH-PIR-2025-00229,52.77,58.661213,-5.891212921142575
BATCH-PIR-2025-00230,36.81,54.660675,-17.850675048828123
BATCH-PIR-2025-00231,46.78,43.597267,3.182732849121095
BATCH-PIR-2025-00232,50.6,58.431583,-7.831583404541014
BATCH-PIR-2025-00233,38.54,39.56538,-1.0253800964355477
BATCH-PIR-2025-00234,30.85,33.189487,-2.339487457275389
BATCH-PIR-2025-00235,37.41,46.898933,-9.488933410644535
BATCH-PIR-2025-00236,47.63,47.2226,0.40740097045898693
BATCH-PIR-2025-00237,51.24,46.336693,4.903307189941408
BATCH-PIR-2025-00238,30.06,31.867163,-1.8071627044677747
BATCH-PIR-2025-00239,35.71,34.351265,1.3587350463867196
BATCH-PIR-2025-00240,48.68,45.115868,3.564132385253906
BATCH-PIR-2025-00241,57.79,48.906544,8.883456268310546
BATCH-PIR-2025-00242,63.31,55.34484,7.9651589965820335
BATCH-PIR-2025-00243,40.86,44.510845,-3.6508451843261724
BATCH-PIR-2025-00244,49.72,42.662975,7.057024688720702
BATCH-PIR-2025-00245,52.3,48.309975,3.990025329589841
BATCH-PIR-2025-00246,52.41,51.35108,1.0589181518554653
BATCH-PIR-2025-00247,41.66,42.017063,-0.35706314086914404
BATCH-PIR-2025-00248,42.62,48.869846,-6.249846343994143
BATCH-PIR-2025-00249,46.67,40.18355,6.486448211669924
BATCH-PIR-2025-00250,40.87,51.951363,-11.081362609863284
BATCH-PIR-2025-00251,58.27,49.21824,9.051761169433597
BATCH-PIR-2025-00252,65.27,61.09781,4.172191162109371
BATCH-PIR-2025-00253,39.39,47.631084,-8.241084442138671
BATCH-PIR-2025-00254,57.25,52.968777,4.281223297119141
BATCH-PIR-2025-00255,56.91,58.672955,-1.7629545593261753
BATCH-PIR-2025-00256,45.45,46.258923,-0.808922576904294
BATCH-PIR-2025-00257,62.07,44.796356,17.273643798828125
BATCH-PIR-2025-00258,69.37,71.21165,-1.8416470336914017
BATCH-PIR-2025-00259,47.41,51.02944,-3.619441833496097
BATCH-PIR-2025-00260,52.78,49.115795,3.6642048645019543
BATCH-PIR-2025-00261,43.05,46.07089,-3.020888519287112
BATCH-PIR-2025-00262,32.75,44.192394,-11.442394256591797
BATCH-PIR-2025-00263,45.01,44.72403,0.285970458984373
BATCH-PIR-2025-00264,46.48,41.634964,4.845036010742184
BATCH-PIR-2025-00265,47.61,38.712997,8.897002563476562
BATCH-PIR-2025-00266,63.19,47.39824,15.79176086425781
BATCH-PIR-2025-00267,44.98,47.187,-2.2070002746582063
BATCH-PIR-2025-00268,72.42,59.528458,12.89154235839844
BATCH-PIR-2025-00269,43.92,48.222603,-4.3026028442382795
BATCH-PIR-2025-00270,58.34,44.088165,14.251834716796878
BATCH-PIR-2025-00271,54.25,54.48953,-0.23952865600585938
BATCH-PIR-2025-00272,54.16,48.33682,5.823181304931637
BATCH-PIR-2025-00273,55.05,58.806473,-3.7564727783203153
BATCH-PIR-2025-00274,58.24,49.375183,8.864816894531252
BATCH-PIR-2025-00275,40.52,49.983715,-9.463715057373044
BATCH-PIR-2025-00276,38.05,50.563572,-12.513571929931643
BATCH-PIR-2025-00277,49.18,44.01835,5.1616513061523435
BATCH-PIR-2025-00278,63.07,65.84796,-2.7779614257812497
BATCH-PIR-2025-00279,33.02,27.243315,5.776685256958011
BATCH-PIR-2025-00280,27.92,41.60733,-13.687330322265623
BATCH-PIR-2025-00281,44.18,45.337585,-1.1575854492187503
BATCH-PIR-2025-00282,59.51,47.407654,12.102346191406248
BATCH-PIR-2025-00283,32.71,40.55702,-7.847018280029296
BATCH-PIR-2025-00284,44.4,46.757874,-2.3578735351562514
BATCH-PIR-2025-00285,55.71,46.225136,9.484864196777345
BATCH-PIR-2025-00286,20.49,29.001883,-8.511882553100588
BATCH-PIR-2025-00287,37.1,41.25576,-4.155760192871092
BATCH-PIR-2025-00288,61.93,53.556316,8.373683624267578
BATCH-PIR-2025-00289,39.06,41.072647,-2.0126470947265602
BATCH-PIR-2025-00290,42.62,40.367912,2.2520877075195287
BATCH-PIR-2025-00291,53.27,42.319695,10.950305480957034
BATCH-PIR-2025-00292,59.79,44.518562,15.271437683105468
BATCH-PIR-2025-00293,36.02,37.64667,-1.6266712951660125
BATCH-PIR-2025-00294,57.54,48.52378,9.016219177246093
BATCH-PIR-2025-00295,46.99,41.12895,5.86105178833008
BATCH-PIR-2025-00296,63.28,47.89173,15.38826873779297
BATCH-PIR-2025-00297,56.29,46.940037,9.349963226318359
BATCH-PIR-2025-00298,44.29,44.811577,-0.5215768432617196
BATCH-PIR-2025-00299,55.04,53.533623,1.5063772583007804
BATCH-PIR-2025-00300,24.77,36.924004,-12.15400360107422
BATCH-PIR-2025-00301,38.63,42.47871,-3.8487101745605443
BATCH-PIR-2025-00302,57.26,47.154232,10.105767974853514
BATCH-PIR-2025-00303,45.61,58.189117,-12.579117431640626
BATCH-PIR-2025-00304,59.92,48.8499,11.070100708007814
BATCH-PIR-2025-00305,56.78,58.646416,-1.8664157104492176
BATCH-PIR-2025-00306,53.64,41.625076,12.014923706054688
BATCH-PIR-2025-00307,30.22,41.065693,-10.84569290161133
BATCH-PIR-2025-00308,92.13,91.06951,1.0604885864257767
BATCH-PIR-2025-00309,31.29,42.266148,-10.976147613525391
BATCH-PIR-2025-00310,52.76,52.58945,0.17054916381835739
BATCH-PIR-2025-00311,38.16,35.033016,3.126983795166012
BATCH-PIR-2025-00312,37.71,44.28281,-6.57281021118164
BATCH-PIR-2025-00313,61.86,51.09853,10.761470184326171
BATCH-PIR-2025-00314,59.84,43.361736,16.47826370239258
BATCH-PIR-2025-00315,49.2,49.83633,-0.6363304138183565
BATCH-PIR-2025-00316,56.75,56.76341,-0.013408660888671875
BATCH-PIR-2025-00317,61.42,59.16558,2.254419250488283
BATCH-PIR-2025-00318,35.99,44.407234,-8.41723419189453
BATCH-PIR-2025-00319,50.52,45.428173,5.091826934814456
BATCH-PIR-2025-00320,89.88,86.99341,2.8865917968749955
BATCH-PIR-2025-00321,95.0,84.344185,10.655815124511719
BATCH-PIR-2025-00322,39.51,44.523212,-5.01321243286133
BATCH-PIR-2025-00323,82.0,83.55139,-1.5513916015625
BATCH-PIR-2025-00324,91.05,83.61189,7.438107299804685
BATCH-PIR-2025-00325,92.56,91.50885,1.0511499023437523
BATCH-PIR-2025-00326,51.99,54.063007,-2.073007354736326
BATCH-PIR-2025-00327,46.91,49.403137,-2.4931372070312534
BATCH-PIR-2025-00328,53.97,47.03987,6.930128784179686
BATCH-PIR-2025-00329,70.89,65.43019,5.459808959960938
BATCH-PIR-2025-00330,41.55,50.75919,-9.209189605712893
BATCH-PIR-2025-00331,52.94,50.408974,2.5310263061523415
BATCH-PIR-2025-00332,36.51,41.201294,-4.691293945312502
BATCH-PIR-2025-00333,34.47,42.760796,-8.29079559326172
BATCH-PIR-2025-00334,46.71,51.408054,-4.69805435180664
BATCH-PIR-2025-00335,47.28,51.302372,-4.0223719787597645
BATCH-PIR-2025-00336,52.57,51.183346,1.386654205322266
BATCH-PIR-2025-00337,61.82,47.43235,14.387649841308594
BATCH-PIR-2025-00338,54.73,47.86776,6.862240295410153
BATCH-PIR-2025-00339,43.79,43.4967,0.2932997131347648
BATCH-PIR-2025-00340,47.53,42.407795,5.122205047607423
BATCH-PIR-2025-00341,67.04,62.499115,4.540885009765631
BATCH-PIR-2025-00342,66.05,50.464725,15.585274505615232
BATCH-PIR-2025-00343,41.12,41.651356,-0.5313557434082057
BATCH-PIR-2025-00344,48.78,55.78395,-7.003950805664061
BATCH-PIR-2025-00345,52.13,52.200916,-0.07091629028320057
BATCH-PIR-2025-00346,59.97,52.081123,7.888876647949218
BATCH-PIR-2025-00347,50.62,41.109886,9.510113830566404
BATCH-PIR-2025-00348,54.14,44.622807,9.517193450927735
BATCH-PIR-2025-00349,39.91,42.04386,-2.1338613891601597
BATCH-PIR-2025-00350,44.85,40.123085,4.726914978027345
BATCH-PIR-2025-00351,42.84,43.78467,-0.9446717834472622
BATCH-PIR-2025-00352,44.73,46.52024,-1.7902407836914094
BATCH-PIR-2025-00353,45.04,45.55155,-0.5115518188476571
BATCH-PIR-2025-00354,34.46,49.718197,-15.258196868896484
BATCH-PIR-2025-00355,52.3,49.931175,2.3688247680664034
BATCH-PIR-2025-00356,46.36,50.96066,-4.60065902709961
BATCH-PIR-2025-00357,41.59,43.697174,-2.1071740722656216
BATCH-PIR-2025-00358,50.11,55.386497,-5.276497497558594
BATCH-PIR-2025-00359,39.76,36.672188,3.0878121948242168
BATCH-PIR-2025-00360,59.12,49.398335,9.72166549682617
BATCH-PIR-2025-00361,53.98,59.576405,-5.596404571533206
BATCH-PIR-2025-00362,55.11,47.589928,7.520072326660156
BATCH-PIR-2025-00363,40.75,42.6695,-1.9194984436035156
BATCH-PIR-2025-00364,33.55,45.60582,-12.05581970214844
BATCH-PIR-2025-00365,41.11,50.144066,-9.034065856933594
BATCH-PIR-2025-00366,63.04,58.9141,4.125899353027343
BATCH-PIR-2025-00367,46.69,47.66125,-0.9712510681152366
BATCH-PIR-2025-00368,51.39,52.665546,-1.2755464172363276
BATCH-PIR-2025-00369,45.58,38.313736,7.266264038085936
BATCH-PIR-2025-00370,39.28,39.54781,-0.267809600830077
BATCH-PIR-2025-00371,43.3,54.85678,-11.556781005859378
BATCH-PIR-2025-00372,41.49,35.718166,5.771833648681643
BATCH-PIR-2025-00373,87.12,91.33843,-4.218432312011714
BATCH-PIR-2025-00374,43.94,45.753384,-1.8133836364746116
BATCH-PIR-2025-00375,95.0,93.153595,1.846405029296875
BATCH-PIR-2025-00376,61.43,47.107784,14.322215728759765
BATCH-PIR-2025-00377,57.7,57.415386,0.28461380004883097
BATCH-PIR-2025-00378,66.61,49.695152,16.914847717285156
BATCH-PIR-2025-00379,44.65,50.487488,-5.837487792968751
BATCH-PIR-2025-00380,42.35,42.198925,0.15107498168945455
BATCH-PIR-2025-00381,48.0,47.445286,0.5547142028808594
BATCH-PIR-2025-00382,39.59,46.743366,-7.153366241455075
BATCH-PIR-2025-00383,47.51,47.21702,0.29298187255859176
BATCH-PIR-2025-00384,45.34,41.91691,3.423091735839847
BATCH-PIR-2025-00385,50.99,38.35375,12.636251678466799
BATCH-PIR-2025-00386,45.72,48.770435,-3.0504353332519543
BATCH-PIR-2025-00387,87.32,83.96402,3.355980224609368
BATCH-PIR-2025-00388,57.08,45.572834,11.50716598510742
BATCH-PIR-2025-00389,47.32,41.88683,5.433170623779297
BATCH-PIR-2025-00390,49.79,45.87617,3.9138288879394523
BATCH-PIR-2025-00391,54.88,53.611584,1.2684162902832057
BATCH-PIR-2025-00392,49.2,35.87558,13.324420166015628
BATCH-PIR-2025-00393,31.86,44.983673,-13.123673095703126
BATCH-PIR-2025-00394,55.95,46.999,8.950999450683597
BATCH-PIR-2025-00395,30.16,43.028873,-12.868873443603515
BATCH-PIR-2025-00396,46.93,41.92152,5.008479766845703
BATCH-PIR-2025-00397,95.0,91.897644,3.10235595703125
BATCH-PIR-2025-00398,56.13,53.270565,2.859434967041018
BATCH-PIR-2025-00399,39.89,41.88981,-1.9998086547851557
BATCH-PIR-2025-00400,42.01,49.72808,-7.718080749511721
BATCH-PIR-2025-00401,46.32,48.51421,-2.194209747314453
BATCH-PIR-2025-00402,51.7,41.687218,10.012782287597659
BATCH-PIR-2025-00403,61.71,53.522346,8.18765350341797
BATCH-PIR-2025-00404,52.72,43.834328,8.885672302246093
BATCH-PIR-2025-00405,53.77,64.11967,-10.349667053222653
BATCH-PIR-2025-00406,46.9,41.99461,4.905390167236327
BATCH-PIR-2025-00407,35.14,46.62141,-11.481410369873046
BATCH-PIR-2025-00408,40.08,45.09958,-5.019578857421877
BATCH-PIR-2025-00409,54.63,54.988846,-0.35884582519530994
BATCH-PIR-2025-00410,55.9,48.55576,7.344240570068358
BATCH-PIR-2025-00411,95.0,94.530594,0.4694061279296875
BATCH-PIR-2025-00412,71.25,78.75153,-7.501533508300781
BATCH-PIR-2025-00413,59.37,56.515724,2.854275817871091
BATCH-PIR-2025-00414,43.65,44.32464,-0.6746383666992202
BATCH-PIR-2025-00415,37.6,52.08895,-14.488951110839842
BATCH-PIR-2025-00416,92.28,84.1133,8.166703491210939
BATCH-PIR-2025-00417,45.5,48.222702,-2.7227020263671875
BATCH-PIR-2025-00418,48.17,52.032116,-3.862115936279295
BATCH-PIR-2025-00419,29.82,45.73934,-15.919341735839843
BATCH-PIR-2025-00420,32.87,45.556038,-12.686037902832034
BATCH-PIR-2025-00421,37.51,49.517586,-12.007585754394533
BATCH-PIR-2025-00422,92.77,87.96414,4.805858154296871
BATCH-PIR-2025-00423,92.61,95.23381,-2.623810424804688
BATCH-PIR-2025-00424,49.94,48.005627,1.9343733215332009
BATCH-PIR-2025-00425,54.05,52.058235,1.991764831542966
BATCH-PIR-2025-00426,36.16,45.500854,-9.340854492187503
BATCH-PIR-2025-00427,36.5,45.600548,-9.100547790527344
BATCH-PIR-2025-00428,67.81,59.334976,8.47502380371094
BATCH-PIR-2025-00429,47.12,41.202114,5.917885894775388
BATCH-PIR-2025-00430,53.29,48.00569,5.284308471679687
BATCH-PIR-2025-00431,71.81,60.728146,11.081854400634768
BATCH-PIR-2025-00432,31.28,47.08898,-15.808981628417968
BATCH-PIR-2025-00433,25.51,44.907024,-19.39702438354492
BATCH-PIR-2025-00434,54.2,62.633175,-8.433174896240232
BATCH-PIR-2025-00435,52.62,54.166653,-1.546652679443362
BATCH-PIR-2025-00436,92.12,92.25662,-0.13662231445312045
BATCH-PIR-2025-00437,72.26,64.65112,7.608876953125005
BATCH-PIR-2025-00438,49.92,43.25484,6.665159149169924
BATCH-PIR-2025-00439,44.78,42.00644,2.773560791015626
BATCH-PIR-2025-00440,44.76,45.866,-1.1060011291503926
BATCH-PIR-2025-00441,22.04,35.32408,-13.284081420898438
BATCH-PIR-2025-00442,44.61,44.695698,-0.0856977844238287
BATCH-PIR-2025-00443,38.96,47.604126,-8.6441259765625
BATCH-PIR-2025-00444,42.57,45.157787,-2.5877873229980466
BATCH-PIR-2025-00445,46.12,52.34667,-6.226668243408206
BATCH-PIR-2025-00446,43.57,41.315765,2.2542346191406253
BATCH-PIR-2025-00447,52.03,49.743145,2.2868550109863293
BATCH-PIR-2025-00448,36.26,48.800186,-12.540186157226564
BATCH-PIR-2025-00449,47.1,42.183655,4.916345214843751
BATCH-PIR-2025-00450,57.25,50.847034,6.402965545654297
BATCH-PIR-2025-00451,95.0,91.67315,3.3268508911132812
BATCH-PIR-2025-00452,65.1,58.50001,6.599988555908197
BATCH-PIR-2025-00453,58.02,58.950745,-0.9307446289062469
BATCH-PIR-2025-00454,39.97,48.326576,-8.356576232910157
BATCH-PIR-2025-00455,38.65,48.14124,-9.491239166259767
BATCH-PIR-2025-00456,46.39,48.018173,-1.628173217773437
BATCH-PIR-2025-00457,56.61,56.906864,-0.2968641662597662
BATCH-PIR-2025-00458,80.28,85.373726,-5.09372589111328
BATCH-PIR-2025-00459,44.27,47.789154,-3.519154052734372
BATCH-PIR-2025-00460,34.85,41.483067,-6.633066558837889
BATCH-PIR-2025-00461,43.02,47.668777,-4.648777465820309
BATCH-PIR-2025-00462,50.97,45.966057,5.00394317626953
BATCH-PIR-2025-00463,47.4,50.9557,-3.5556999206542983
BATCH-PIR-2025-00464,35.46,44.524708,-9.064707794189452
BATCH-PIR-2025-00465,47.24,52.41288,-5.172879943847654
BATCH-PIR-2025-00466,41.86,38.99969,2.860308990478515
BATCH-PIR-2025-00467,76.9,86.87464,-9.974641418457026
BATCH-PIR-2025-00468,52.64,61.166645,-8.526645050048828
BATCH-PIR-2025-00469,43.33,43.190887,0.1391125488281233
BATCH-PIR-2025-00470,67.8,58.820156,8.979843902587888
BATCH-PIR-2025-00471,95.0,93.67087,1.329132080078125
BATCH-PIR-2025-00472,92.29,87.68986,4.60014251708985
BATCH-PIR-2025-00473,42.73,48.386387,-5.656386871337894
BATCH-PIR-2025-00474,68.26,62.831253,5.428746948242193
BATCH-PIR-2025-00475,42.76,51.88947,-9.129469146728518
BATCH-PIR-2025-00476,33.98,45.852886,-11.872886199951175
BATCH-PIR-2025-00477,67.88,61.48457,6.395430450439449
BATCH-PIR-2025-00478,24.73,46.34452,-21.614520568847656
BATCH-PIR-2025-00479,45.44,43.04405,2.395951690673826
BATCH-PIR-2025-00480,51.35,40.671024,10.678975677490236
BATCH-PIR-2025-00481,32.34,53.40832,-21.06832138061523
BATCH-PIR-2025-00482,38.78,50.126457,-11.346457214355468
BATCH-PIR-2025-00483,51.94,43.41536,8.524640502929685
BATCH-PIR-2025-00484,61.1,53.86422,7.235780334472658
BATCH-PIR-2025-00485,86.66,85.43637,1.2236291503906216
BATCH-PIR-2025-00486,53.22,51.20559,2.014410705566405
BATCH-PIR-2025-00487,43.95,50.600468,-6.650467681884763
BATCH-PIR-2025-00488,53.14,44.226555,8.913445129394532
BATCH-PIR-2025-00489,42.31,45.34025,-3.030248107910154
BATCH-PIR-2025-00490,48.8,44.95461,3.845391082763669
BATCH-PIR-2025-00491,44.69,43.536514,1.1534857177734352
BATCH-PIR-2025-00492,49.7,46.515255,3.1847450256347685
BATCH-PIR-2025-00493,36.53,43.427563,-6.897562713623046
BATCH-PIR-2025-00494,52.45,53.04686,-0.5968597412109347
BATCH-PIR-2025-00495,42.8,41.61622,1.183781433105466
BATCH-PIR-2025-00496,40.24,43.686943,-3.4469430541992168
BATCH-PIR-2025-00497,52.7,47.567314,5.132685852050784
BATCH-PIR-2025-00498,30.35,41.190678,-10.840677642822264
BATCH-PIR-2025-00499,46.03,50.045364,-4.015364379882811
BATCH-PIR-2025-00500,92.92,90.623955,2.296045227050783
BATCH-PIR-2025-00501,45.62,38.69934,6.920659179687497
BATCH-PIR-2025-00502,29.48,40.26804,-10.78803970336914
BATCH-PIR-2025-00503,55.22,44.292507,10.92749282836914
BATCH-PIR-2025-00504,41.71,44.46631,-2.756308593749999
BATCH-PIR-2025-00505,43.42,43.90557,-0.48557098388671704
BATCH-PIR-2025-00506,54.92,42.053432,12.866567535400392
BATCH-PIR-2025-00507,41.78,44.488186,-2.7081858825683582
BATCH-PIR-2025-00508,55.74,46.089943,9.650057067871096
BATCH-PIR-2025-00509,28.16,38.70956,-10.54956039428711
BATCH-PIR-2025-00510,47.49,44.234715,3.2552854919433614
BATCH-PIR-2025-00511,39.07,44.663074,-5.593074493408203
BATCH-PIR-2025-00512,36.8,43.98643,-7.186431121826175
BATCH-PIR-2025-00513,59.2,45.15907,14.040930938720706
BATCH-PIR-2025-00514,57.64,59.941822,-2.3018220520019526
BATCH-PIR-2025-00515,41.72,40.238106,1.4818942260742176
BATCH-PIR-2025-00516,56.43,61.604534,-5.174534149169922
BATCH-PIR-2025-00517,56.85,42.711147,14.138852691650392
BATCH-PIR-2025-00518,52.24,56.08136,-3.841359863281248
BATCH-PIR-2025-00519,59.12,47.746655,11.37334548950195
BATCH-PIR-2025-00520,60.93,46.699455,14.230544738769531
BATCH-PIR-2025-00521,57.42,51.346268,6.073732299804689
BATCH-PIR-2025-00522,54.94,45.28407,9.6559309387207
BATCH-PIR-2025-00523,50.14,42.204,7.936001434326172
BATCH-PIR-2025-00524,37.16,43.065678,-5.905677642822269
BATCH-PIR-2025-00525,43.74,49.700127,-5.960126647949217
BATCH-PIR-2025-00526,58.04,43.275764,14.764235534667968
BATCH-PIR-2025-00527,42.59,40.136135,2.453864898681644
BATCH-PIR-2025-00528,38.77,37.663273,1.1067271423339875
BATCH-PIR-2025-00529,37.11,41.388767,-4.278767242431641
BATCH-PIR-2025-00530,85.42,85.55648,-0.13648040771484204
BATCH-PIR-2025-00531,45.79,51.010857,-5.22085662841797
BATCH-PIR-2025-00532,53.79,41.124622,12.665377655029296
BATCH-PIR-2025-00533,37.01,43.029987,-6.01998733520508
BATCH-PIR-2025-00534,48.93,42.462048,6.467952423095703
BATCH-PIR-2025-00535,54.9,43.845737,11.054262542724608
BATCH-PIR-2025-00536,43.07,44.91721,-1.8472096252441403
BATCH-PIR-2025-00537,58.88,49.439182,9.440817718505862
BATCH-PIR-2025-00538,95.0,85.04666,9.953338623046875
BATCH-PIR-2025-00539,53.91,47.424156,6.485843811035153
BATCH-PIR-2025-00540,61.74,52.547268,9.192732086181643
BATCH-PIR-2025-00541,60.15,46.107395,14.042604827880858
BATCH-PIR-2025-00542,86.59,85.99497,0.5950277709960972
BATCH-PIR-2025-00543,95.0,82.46304,12.536956787109375
BATCH-PIR-2025-00544,41.6,49.63255,-8.03254928588867
BATCH-PIR-2025-00545,48.52,39.707813,8.81218673706055
BATCH-PIR-2025-00546,55.54,59.3942,-3.8541993713378915
BATCH-PIR-2025-00547,49.27,49.125088,0.14491226196289375
BATCH-PIR-2025-00548,27.39,33.685013,-6.295012817382812
BATCH-PIR-2025-00549,41.37,44.48049,-3.1104916381835963
BATCH-PIR-2025-00550,55.7,44.03098,11.669020843505862
BATCH-PIR-2025-00551,88.01,82.40517,5.604833374023443
BATCH-PIR-2025-00552,49.11,49.37827,-0.2682691955566412
BATCH-PIR-2025-00553,68.19,60.97945,7.21054977416992
BATCH-PIR-2025-00554,83.34,86.13871,-2.798710021972653
BATCH-PIR-2025-00555,49.42,48.446404,0.973596496582033
BATCH-PIR-2025-00556,46.26,48.788628,-2.5286276245117207
BATCH-PIR-2025-00557,57.01,55.24072,1.7692811584472636
BATCH-PIR-2025-00558,85.04,91.26308,-6.223076782226556
BATCH-PIR-2025-00559,65.42,63.054546,2.36545364379883
BATCH-PIR-2025-00560,39.99,56.999405,-17.00940490722656
BATCH-PIR-2025-00561,41.78,43.972267,-2.192267150878905
BATCH-PIR-2025-00562,69.5,59.61692,9.883079528808594
BATCH-PIR-2025-00563,49.19,55.004986,-5.814985809326174
BATCH-PIR-2025-00564,56.78,51.792534,4.987466125488282
BATCH-PIR-2025-00565,54.23,37.930077,16.299923400878903
BATCH-PIR-2025-00566,85.88,85.094246,0.7857540893554642
BATCH-PIR-2025-00567,52.34,60.556343,-8.216343078613278
BATCH-PIR-2025-00568,49.93,42.665024,7.264976196289062
BATCH-PIR-2025-00569,45.23,49.87958,-4.649581451416019
BATCH-PIR-2025-00570,44.97,48.3431,-3.373101501464845
BATCH-PIR-2025-00571,52.68,51.393814,1.2861859130859372
BATCH-PIR-2025-00572,45.36,47.975166,-2.615166320800782
BATCH-PIR-2025-00573,62.43,59.817627,2.6123730468749997
BATCH-PIR-2025-00574,40.17,45.12519,-4.9551907348632795
BATCH-PIR-2025-00575,41.75,57.148605,-15.398605346679688
BATCH-PIR-2025-00576,48.59,47.50556,1.0844381713867222
BATCH-PIR-2025-00577,24.43,37.200485,-12.770485229492188
BATCH-PIR-2025-00578,57.69,48.83591,8.854089202880857
BATCH-PIR-2025-00579,53.68,42.59136,11.088641815185547
BATCH-PIR-2025-00580,55.16,49.278778,5.881221923828122
BATCH-PIR-2025-00581,67.92,61.537205,6.382795257568361
BATCH-PIR-2025-00582,56.99,54.254215,2.7357847595214864
BATCH-PIR-2025-00583,53.68,46.81856,6.861438446044922
BATCH-PIR-2025-00584,57.8,56.185825,1.6141746520996065
BATCH-PIR-2025-00585,60.46,51.620518,8.83948226928711
BATCH-PIR-2025-00586,41.73,49.175037,-7.445037384033206
BATCH-PIR-2025-00587,56.4,50.262802,6.137197875976561
BATCH-PIR-2025-00588,52.55,46.501705,6.048294830322263
BATCH-PIR-2025-00589,46.29,42.52104,3.7689581298828116
BATCH-PIR-2025-00590,38.78,45.94566,-7.165659637451171
BATCH-PIR-2025-00591,43.28,48.757534,-5.477534027099608
BATCH-PIR-2025-00592,47.91,54.497765,-6.587764587402347
BATCH-PIR-2025-00593,31.97,41.359055,-9.389054565429689
BATCH-PIR-2025-00594,75.33,70.23791,5.0920925903320295
BATCH-PIR-2025-00595,39.5,46.647984,-7.147983551025391
BATCH-PIR-2025-00596,60.2,59.814518,0.3854820251464872
BATCH-PIR-2025-00597,49.82,43.429256,6.390743560791016
BATCH-PIR-2025-00598,42.3,44.160866,-1.860865783691409
BATCH-PIR-2025-00599,34.95,39.574898,-4.624897766113278
BATCH-PIR-2025-00600,51.48,40.60943,10.870571594238278
BATCH-PIR-2025-00601,54.96,46.88287,8.077130279541016
BATCH-PIR-2025-00602,34.91,44.169983,-9.259982910156253
BATCH-PIR-2025-00603,90.26,84.66395,5.596051940917974
BATCH-PIR-2025-00604,58.27,65.66541,-7.395412902832028
BATCH-PIR-2025-00605,39.55,46.067307,-6.51730651855469
BATCH-PIR-2025-00606,78.4,86.21437,-7.814370727539057
BATCH-PIR-2025-00607,54.67,37.18343,17.486570281982424
BATCH-PIR-2025-00608,60.42,60.285435,0.13456527709961108
BATCH-PIR-2025-00609,37.77,50.15066,-12.380661468505856
BATCH-PIR-2025-00610,74.59,64.29304,10.296962585449222
BATCH-PIR-2025-00611,46.25,50.71209,-4.462089538574219
BATCH-PIR-2025-00612,57.19,41.237427,15.952573242187498
BATCH-PIR-2025-00613,45.19,43.276424,1.9135755920410134
BATCH-PIR-2025-00614,40.21,48.73403,-8.524031677246093
BATCH-PIR-2025-00615,56.52,51.59576,4.924239654541019
BATCH-PIR-2025-00616,50.96,41.442318,9.517682037353516
BATCH-PIR-2025-00617,50.65,39.398228,11.251772308349608
BATCH-PIR-2025-00618,38.71,51.959217,-13.249217071533202
BATCH-PIR-2025-00619,46.26,41.92627,4.333730468749998
BATCH-PIR-2025-00620,36.55,52.227497,-15.677497100830081
BATCH-PIR-2025-00621,94.44,87.84445,6.595548095703123
BATCH-PIR-2025-00622,44.51,52.289997,-7.77999710083008
BATCH-PIR-2025-00623,34.3,47.019733,-12.719733428955081
BATCH-PIR-2025-00624,39.92,46.574833,-6.654832916259764
BATCH-PIR-2025-00625,56.4,49.75658,6.6434196472167955
BATCH-PIR-2025-00626,48.33,50.16323,-1.8332308959960955
BATCH-PIR-2025-00627,44.73,46.12204,-1.3920397949218781
BATCH-PIR-2025-00628,87.24,79.7593,7.480699768066401
BATCH-PIR-2025-00629,29.34,43.785694,-14.445694122314453
BATCH-PIR-2025-00630,61.25,45.44328,15.806720733642578
BATCH-PIR-2025-00631,57.23,47.868847,9.36115310668945
BATCH-PIR-2025-00632,38.02,40.04182,-2.0218205261230437
BATCH-PIR-2025-00633,95.0,89.87709,5.1229095458984375
BATCH-PIR-2025-00634,47.34,51.947906,-4.607906494140622
BATCH-PIR-2025-00635,95.0,94.90411,0.09588623046875
BATCH-PIR-2025-00636,43.15,46.009422,-2.859422302246095
BATCH-PIR-2025-00637,41.98,49.193264,-7.2132640075683625
BATCH-PIR-2025-00638,35.08,45.738735,-10.658735198974611
BATCH-PIR-2025-00639,39.69,47.351997,-7.6619973754882835
BATCH-PIR-2025-00640,37.61,50.61251,-13.002510681152344
BATCH-PIR-2025-00641,34.71,46.577415,-11.867415466308593
BATCH-PIR-2025-00642,42.59,50.43479,-7.844791564941403
BATCH-PIR-2025-00643,67.24,63.943317,3.2966825866699168
BATCH-PIR-2025-00644,38.56,47.593063,-9.033063354492185
BATCH-PIR-2025-00645,47.42,50.040558,-2.6205578613281233
BATCH-PIR-2025-00646,62.74,57.81798,4.922018280029299
BATCH-PIR-2025-00647,68.95,47.842823,21.10717697143555
BATCH-PIR-2025-00648,95.0,92.908936,2.091064453125
BATCH-PIR-2025-00649,47.51,39.8168,7.693200836181639
BATCH-PIR-2025-00650,35.98,51.34945,-15.369449157714847
BATCH-PIR-2025-00651,44.57,51.43946,-6.869460754394531
BATCH-PIR-2025-00652,34.12,44.21136,-10.091360931396487
BATCH-PIR-2025-00653,50.35,46.33343,4.016568756103517
BATCH-PIR-2025-00654,29.74,45.655685,-15.915685424804689
BATCH-PIR-2025-00655,60.78,54.845562,5.934438018798829
BATCH-PIR-2025-00656,51.44,56.816998,-5.376997528076174
BATCH-PIR-2025-00657,38.76,39.15851,-0.398508300781252
BATCH-PIR-2025-00658,44.19,48.88962,-4.699621734619143
BATCH-PIR-2025-00659,95.0,91.06886,3.9311370849609375
BATCH-PIR-2025-00660,79.25,87.07595,-7.825950622558594
BATCH-PIR-2025-00661,66.54,65.89822,0.6417837524414125
BATCH-PIR-2025-00662,34.56,44.5732,-10.013200225830076
BATCH-PIR-2025-00663,34.82,42.095562,-7.275561981201172
BATCH-PIR-2025-00664,47.7,40.745953,6.954047393798831
BATCH-PIR-2025-00665,29.95,49.353798,-19.403797912597657
BATCH-PIR-2025-00666,40.87,46.600185,-5.730185394287112
BATCH-PIR-2025-00667,60.24,58.393642,1.8463575744628926
BATCH-PIR-2025-00668,63.06,56.59691,6.463091430664065
BATCH-PIR-2025-00669,40.86,41.574203,-0.7142034912109381
BATCH-PIR-2025-00670,51.66,51.462456,0.19754425048827784
BATCH-PIR-2025-00671,33.75,48.891403,-15.141403198242188
BATCH-PIR-2025-00672,95.0,85.09771,9.902290344238281
BATCH-PIR-2025-00673,69.13,61.33961,7.790388946533199
BATCH-PIR-2025-00674,48.09,47.915977,0.17402252197265966
BATCH-PIR-2025-00675,39.0,43.088722,-4.088722229003906
BATCH-PIR-2025-00676,67.64,57.776016,9.863983764648438
BATCH-PIR-2025-00677,54.55,39.600033,14.949967193603513
BATCH-PIR-2025-00678,34.35,45.573975,-11.223974609374999
BATCH-PIR-2025-00679,39.13,51.480934,-12.350934143066404
BATCH-PIR-2025-00680,57.85,57.382915,0.46708450317382955
BATCH-PIR-2025-00681,40.89,43.520027,-2.6300271606445307
BATCH-PIR-2025-00682,54.56,43.86635,10.69365173339844
BATCH-PIR-2025-00683,57.97,47.290264,10.679735870361327
BATCH-PIR-2025-00684,95.0,89.240234,5.759765625
BATCH-PIR-2025-00685,37.1,39.827713,-2.727713012695311
BATCH-PIR-2025-00686,25.74,43.564407,-17.824407348632814
BATCH-PIR-2025-00687,42.35,47.266296,-4.916296386718749
BATCH-PIR-2025-00688,37.41,48.829243,-11.419242706298832
BATCH-PIR-2025-00689,58.55,58.95685,-0.40684814453125284
BATCH-PIR-2025-00690,68.67,59.289806,9.380193634033205
BATCH-PIR-2025-00691,56.76,40.835217,15.924783477783201
BATCH-PIR-2025-00692,56.43,54.33344,2.096561126708984
BATCH-PIR-2025-00693,48.93,52.686337,-3.7563365173339847
BATCH-PIR-2025-00694,35.58,39.73785,-4.157850189208986
BATCH-PIR-2025-00695,27.08,44.23452,-17.154519958496095
BATCH-PIR-2025-00696,82.97,85.9486,-2.97860076904297
BATCH-PIR-2025-00697,45.65,45.39914,0.2508605957031236
BATCH-PIR-2025-00698,47.38,49.08947,-1.7094699096679662
BATCH-PIR-2025-00699,37.54,42.650337,-5.110337219238282
BATCH-PIR-2025-00700,60.73,56.334118,4.3958821105957
BATCH-PIR-2025-00701,36.02,42.878654,-6.858654479980466
BATCH-PIR-2025-00702,47.68,46.54761,1.132388763427734
BATCH-PIR-2025-00703,35.98,43.66448,-7.684478302001956
BATCH-PIR-2025-00704,51.29,46.618027,4.671973266601562
BATCH-PIR-2025-00705,58.85,57.291553,1.5584465026855483
BATCH-PIR-2025-00706,42.69,45.62518,-2.9351792907714866
BATCH-PIR-2025-00707,55.63,51.37997,4.250029449462893
BATCH-PIR-2025-00708,95.0,90.663,4.336997985839844
BATCH-PIR-2025-00709,42.49,50.81918,-8.329179534912107
BATCH-PIR-2025-00710,39.66,41.92016,-2.260158386230472
BATCH-PIR-2025-00711,95.0,92.61328,2.38671875
BATCH-PIR-2025-00712,38.76,48.195526,-9.435526123046877
BATCH-PIR-2025-00713,56.25,47.49675,8.753250122070312
BATCH-PIR-2025-00714,38.74,43.123,-4.3830010986328105
BATCH-PIR-2025-00715,61.93,48.49523,13.434768371582031
BATCH-PIR-2025-00716,62.35,48.544006,13.805993652343751
BATCH-PIR-2025-00717,38.49,46.129288,-7.6392877197265605
BATCH-PIR-2025-00718,57.61,44.204254,13.405745849609374
BATCH-PIR-2025-00719,54.32,45.608627,8.711372680664063
BATCH-PIR-2025-00720,43.18,46.006374,-2.8263743591308597
BATCH-PIR-2025-00721,39.55,46.410713,-6.860713195800784
BATCH-PIR-2025-00722,52.71,58.818424,-6.108424224853515
BATCH-PIR-2025-00723,43.54,44.083168,-0.5431680297851571
BATCH-PIR-2025-00724,51.5,42.60043,8.89957046508789
BATCH-PIR-2025-00725,52.02,45.99105,6.028949279785159
BATCH-PIR-2025-00726,52.05,41.65412,10.395878601074216
BATCH-PIR-2025-00727,53.23,49.97544,3.2545590209960906
BATCH-PIR-2025-00728,69.44,52.607437,16.832562866210935
BATCH-PIR-2025-00729,77.35,63.487183,13.862817382812494
BATCH-PIR-2025-00730,54.77,63.62875,-8.858749847412106
BATCH-PIR-2025-00731,34.98,50.154854,-15.174853820800784
BATCH-PIR-2025-00732,46.92,54.12322,-7.203218536376951
BATCH-PIR-2025-00733,29.98,45.670826,-15.690825958251953
BATCH-PIR-2025-00734,45.95,50.83563,-4.8856285095214815
BATCH-PIR-2025-00735,41.98,50.430218,-8.450217742919925
BATCH-PIR-2025-00736,47.12,53.678753,-6.558752899169924
BATCH-PIR-2025-00737,64.73,65.77477,-1.0447726440429648
BATCH-PIR-2025-00738,78.01,68.75776,9.252240905761724
BATCH-PIR-2025-00739,62.74,56.71785,6.0221502685546895
BATCH-PIR-2025-00740,62.71,50.101368,12.608632049560548
BATCH-PIR-2025-00741,59.31,48.83583,10.47416931152344
BATCH-PIR-2025-00742,34.87,40.0729,-5.202898864746096
BATCH-PIR-2025-00743,45.13,50.526566,-5.39656555175781
BATCH-PIR-2025-00744,49.24,43.72487,5.5151312255859395
BATCH-PIR-2025-00745,85.91,87.16058,-1.2505834960937534
BATCH-PIR-2025-00746,51.57,48.28574,3.2842601013183597
BATCH-PIR-2025-00747,95.0,93.85765,1.1423492431640625
BATCH-PIR-2025-00748,62.62,58.710182,3.909817810058591
BATCH-PIR-2025-00749,42.26,38.88026,3.379739532470701
BATCH-PIR-2025-00750,34.4,46.136906,-11.736905670166017
BATCH-PIR-2025-00751,95.0,84.7718,10.228202819824219
BATCH-PIR-2025-00752,39.44,40.451687,-1.0116868591308616
BATCH-PIR-2025-00753,56.98,61.279015,-4.299014587402347
BATCH-PIR-2025-00754,64.16,66.19983,-2.0398291015625034
BATCH-PIR-2025-00755,51.42,53.52141,-2.1014118957519514
BATCH-PIR-2025-00756,38.71,46.977295,-8.267294921875
BATCH-PIR-2025-00757,55.38,49.44019,5.939810638427737
BATCH-PIR-2025-00758,40.14,45.593674,-5.453673706054687
BATCH-PIR-2025-00759,54.37,49.05809,5.31190979003906
BATCH-PIR-2025-00760,53.01,50.33276,2.6772401428222636
BATCH-PIR-2025-00761,45.64,47.373604,-1.7336038208007807
BATCH-PIR-2025-00762,95.0,86.63473,8.365272521972656
BATCH-PIR-2025-00763,55.78,55.56278,0.2172215270996105
BATCH-PIR-2025-00764,52.75,51.487347,1.2626533508300781
BATCH-PIR-2025-00765,42.71,43.70353,-0.9935293579101554
BATCH-PIR-2025-00766,36.26,50.00722,-13.74722122192383
BATCH-PIR-2025-00767,71.21,65.104385,6.105614624023431
BATCH-PIR-2025-00768,42.92,49.10857,-6.188570098876951
BATCH-PIR-2025-00769,88.72,83.023994,5.696005554199218
BATCH-PIR-2025-00770,89.62,87.481384,2.1386157226562545
BATCH-PIR-2025-00771,18.48,40.6807,-22.20069839477539
BATCH-PIR-2025-00772,50.77,51.78056,-1.0105595397949187
BATCH-PIR-2025-00773,38.37,43.634148,-5.264147644042971
BATCH-PIR-2025-00774,31.77,44.735413,-12.96541259765625
BATCH-PIR-2025-00775,45.49,50.487267,-4.997266540527342
BATCH-PIR-2025-00776,82.35,83.8718,-1.521803283691412
BATCH-PIR-2025-00777,48.02,51.32131,-3.301308135986325
BATCH-PIR-2025-00778,43.71,48.51989,-4.809889831542968
BATCH-PIR-2025-00779,39.27,51.53627,-12.26627014160156
BATCH-PIR-2025-00780,58.01,50.796783,7.213216552734373
BATCH-PIR-2025-00781,48.41,46.525875,1.8841249084472622
BATCH-PIR-2025-00782,53.71,46.234524,7.4754762268066415
BATCH-PIR-2025-00783,83.6,90.171974,-6.571974182128912
BATCH-PIR-2025-00784,53.42,41.964527,11.455472869873049
BATCH-PIR-2025-00785,37.04,49.251537,-12.211537322998048
BATCH-PIR-2025-00786,50.51,50.56135,-0.051351776123048865
BATCH-PIR-2025-00787,61.28,57.152103,4.1278965759277355
BATCH-PIR-2025-00788,36.81,40.899628,-4.089627685546873
BATCH-PIR-2025-00789,50.32,44.25154,6.068458862304688
BATCH-PIR-2025-00790,49.58,42.517986,7.062013702392576
BATCH-PIR-2025-00791,41.83,50.85925,-9.029249114990236
BATCH-PIR-2025-00792,51.36,54.863937,-3.503937377929688
BATCH-PIR-2025-00793,45.11,47.362812,-2.2528120422363287
BATCH-PIR-2025-00794,80.04,83.222595,-3.1825952148437437
BATCH-PIR-2025-00795,35.75,43.013336,-7.263336181640625
BATCH-PIR-2025-00796,53.56,44.31399,9.246008453369143
BATCH-PIR-2025-00797,86.25,85.82659,0.42340850830078125
BATCH-PIR-2025-00798,47.04,42.230526,4.809474029541015
BATCH-PIR-2025-00799,48.9,54.030006,-5.130006408691408
BATCH-PIR-2025-00800,94.46,90.54398,3.9160165405273375
BATCH-PIR-2025-00801,42.99,42.17516,0.8148405456542989
BATCH-PIR-2025-00802,60.57,50.371155,10.19884521484375
BATCH-PIR-2025-00803,29.44,38.238262,-8.79826217651367
BATCH-PIR-2025-00804,82.4,87.72407,-5.324067687988276
BATCH-PIR-2025-00805,57.98,59.93819,-1.9581904602050813
BATCH-PIR-2025-00806,35.59,38.44835,-2.858348999023434
BATCH-PIR-2025-00807,59.91,47.018982,12.891018066406247
BATCH-PIR-2025-00808,69.99,73.834915,-3.8449151611328176
BATCH-PIR-2025-00809,52.9,45.918365,6.981634521484374
BATCH-PIR-2025-00810,55.44,67.05148,-11.611483154296877
BATCH-PIR-2025-00811,36.03,38.43225,-2.402250976562499
BATCH-PIR-2025-00812,59.36,54.985405,4.374595031738281
BATCH-PIR-2025-00813,58.94,55.14922,3.7907804870605446
BATCH-PIR-2025-00814,52.11,50.5761,1.5339006042480463
BATCH-PIR-2025-00815,50.44,45.15945,5.280549468994138
BATCH-PIR-2025-00816,44.45,50.41364,-5.963639068603513
BATCH-PIR-2025-00817,87.22,86.45644,0.7635562133789051
BATCH-PIR-2025-00818,48.87,45.39119,3.478810424804685
BATCH-PIR-2025-00819,35.6,51.283485,-15.683485412597655
BATCH-PIR-2025-00820,58.1,51.308464,6.791535949707033
BATCH-PIR-2025-00821,35.62,41.843536,-6.223536376953128
BATCH-PIR-2025-00822,42.77,48.619244,-5.849243621826169
BATCH-PIR-2025-00823,57.62,49.031193,8.588807220458982
BATCH-PIR-2025-00824,52.99,53.43823,-0.4482286071777324
BATCH-PIR-2025-00825,85.89,86.07312,-0.18312011718749943
BATCH-PIR-2025-00826,94.61,94.917786,-0.30778564453125057
BATCH-PIR-2025-00827,41.24,43.633553,-2.3935525512695293
BATCH-PIR-2025-00828,32.77,43.74747,-10.977470855712887
BATCH-PIR-2025-00829,73.27,58.182228,15.08777191162109
BATCH-PIR-2025-00830,45.64,48.2686,-2.628600463867187
BATCH-PIR-2025-00831,51.01,51.429287,-0.41928695678711136
BATCH-PIR-2025-00832,92.57,87.35073,5.219269104003899
BATCH-PIR-2025-00833,52.0,53.049206,-1.0492057800292969
BATCH-PIR-2025-00834,46.52,46.02963,0.49037124633789375
BATCH-PIR-2025-00835,59.34,54.96268,4.377319183349613
BATCH-PIR-2025-00836,72.99,59.67652,13.313478698730464
BATCH-PIR-2025-00837,95.0,86.872696,8.127304077148438
BATCH-PIR-2025-00838,57.67,56.891933,0.7780665588378923
BATCH-PIR-2025-00839,55.53,49.421783,6.108216552734376
BATCH-PIR-2025-00840,59.86,44.67563,15.184371337890624
BATCH-PIR-2025-00841,31.16,45.58814,-14.428138580322265
BATCH-PIR-2025-00842,50.18,42.267628,7.912372283935547
BATCH-PIR-2025-00843,51.49,47.372566,4.117433776855471
BATCH-PIR-2025-00844,42.53,53.338367,-10.808367462158202
BATCH-PIR-2025-00845,63.61,61.74937,1.8606294250488276
BATCH-PIR-2025-00846,40.41,51.143547,-10.733547058105472
BATCH-PIR-2025-00847,48.5,50.109997,-1.6099967956542969
BATCH-PIR-2025-00848,88.76,92.44023,-3.6802313232421824
BATCH-PIR-2025-00849,58.2,49.113174,9.08682556152344
BATCH-PIR-2025-00850,82.6,93.585396,-10.985395812988287
BATCH-PIR-2025-00851,55.79,46.95155,8.838450469970702
BATCH-PIR-2025-00852,94.09,87.97958,6.110416259765628
BATCH-PIR-2025-00853,62.14,56.217373,5.922627105712891
BATCH-PIR-2025-00854,55.23,55.54279,-0.31278945922851875
BATCH-PIR-2025-00855,62.61,65.30678,-2.696777954101563
BATCH-PIR-2025-00856,53.93,60.272865,-6.3428652954101565
BATCH-PIR-2025-00857,46.15,44.609936,1.5400642395019517
BATCH-PIR-2025-00858,65.35,56.879555,8.470445251464838
BATCH-PIR-2025-00859,38.24,44.806053,-6.566053161621092
BATCH-PIR-2025-00860,63.01,60.77795,2.2320497131347636
BATCH-PIR-2025-00861,49.49,48.52672,0.9632818603515645
BATCH-PIR-2025-00862,92.19,95.276596,-3.0865960693359398
BATCH-PIR-2025-00863,48.1,42.2381,5.861901855468751
BATCH-PIR-2025-00864,50.41,48.286556,2.123443756103512
BATCH-PIR-2025-00865,52.38,54.900898,-2.5208979797363256
BATCH-PIR-2025-00866,52.72,45.37282,7.347178192138671
BATCH-PIR-2025-00867,55.82,65.24697,-9.426971130371093
BATCH-PIR-2025-00868,95.0,93.73844,1.2615585327148438
BATCH-PIR-2025-00869,55.25,49.033894,6.216106414794922
BATCH-PIR-2025-00870,35.83,48.487625,-12.657625122070314
BATCH-PIR-2025-00871,55.77,50.74147,5.028529663085941
BATCH-PIR-2025-00872,67.17,59.981586,7.188413543701174
BATCH-PIR-2025-00873,90.4,86.03519,4.364813232421881
BATCH-PIR-2025-00874,50.24,44.411827,5.828172912597658
BATCH-PIR-2025-00875,58.04,65.67089,-7.63089080810547
BATCH-PIR-2025-00876,21.24,40.12167,-18.88166976928711
BATCH-PIR-2025-00877,55.58,49.595303,5.984697418212889
BATCH-PIR-2025-00878,55.5,50.54301,4.956989288330078
BATCH-PIR-2025-00879,92.2,93.49529,-1.295292663574216
BATCH-PIR-2025-00880,54.46,49.99955,4.460450134277345
BATCH-PIR-2025-00881,95.0,92.0262,2.9738006591796875
BATCH-PIR-2025-00882,58.84,47.57355,11.266448822021488
BATCH-PIR-2025-00883,38.4,42.01659,-3.6165901184082045
BATCH-PIR-2025-00884,75.18,62.58071,12.599288635253913
BATCH-PIR-2025-00885,30.63,49.247707,-18.61770736694336
BATCH-PIR-2025-00886,38.16,44.2474,-6.087398376464847
BATCH-PIR-2025-00887,44.15,50.75419,-6.604188537597658
BATCH-PIR-2025-00888,42.63,36.821827,5.808173065185549
BATCH-PIR-2025-00889,42.0,51.97045,-9.970451354980469
BATCH-PIR-2025-00890,89.53,85.571724,3.95827606201172
BATCH-PIR-2025-00891,37.43,47.37243,-9.942428894042969
BATCH-PIR-2025-00892,31.44,46.658524,-15.218523559570311
BATCH-PIR-2025-00893,48.47,39.701622,8.768377990722655
BATCH-PIR-2025-00894,65.29,47.783115,17.506884613037116
BATCH-PIR-2025-00895,50.96,48.41549,2.544510803222657
BATCH-PIR-2025-00896,45.32,46.193916,-0.873916320800781
BATCH-PIR-2025-00897,59.85,60.78392,-0.9339202880859361
BATCH-PIR-2025-00898,56.93,46.731087,10.198913269042968
BATCH-PIR-2025-00899,52.17,42.316174,9.853826446533205
BATCH-PIR-2025-00900,48.0,44.9435,3.056499481201172
BATCH-PIR-2025-00901,50.03,45.717922,4.312077789306642
BATCH-PIR-2025-00902,38.85,45.158897,-6.308897399902342
BATCH-PIR-2025-00903,61.19,47.27507,13.91492980957031
BATCH-PIR-2025-00904,41.26,48.672455,-7.412454833984377
BATCH-PIR-2025-00905,95.0,92.734116,2.2658843994140625
BATCH-PIR-2025-00906,49.09,54.37577,-5.285770568847653
BATCH-PIR-2025-00907,43.56,47.553535,-3.993535461425779
BATCH-PIR-2025-00908,85.44,86.42592,-0.9859185791015648
BATCH-PIR-2025-00909,95.0,91.09686,3.90313720703125
BATCH-PIR-2025-00910,59.18,54.56476,4.61524169921875
BATCH-PIR-2025-00911,49.96,41.915462,8.044537506103516
BATCH-PIR-2025-00912,46.08,48.42009,-2.340089721679689
BATCH-PIR-2025-00913,95.0,94.09946,0.900543212890625
BATCH-PIR-2025-00914,48.84,46.954536,1.8854635620117222
BATCH-PIR-2025-00915,74.73,71.88289,2.8471112060546915
BATCH-PIR-2025-00916,36.74,43.04699,-6.306989440917967
BATCH-PIR-2025-00917,57.75,47.21195,10.53805160522461
BATCH-PIR-2025-00918,53.43,46.83012,6.599879913330078
BATCH-PIR-2025-00919,56.39,51.07219,5.317810668945313
BATCH-PIR-2025-00920,79.68,86.36803,-6.688026733398431
BATCH-PIR-2025-00921,58.56,50.866028,7.693972167968752
BATCH-PIR-2025-00922,46.68,50.537018,-3.8570178222656253
BATCH-PIR-2025-00923,52.02,48.327198,3.69280197143555
BATCH-PIR-2025-00924,41.55,46.921303,-5.371302795410159
BATCH-PIR-2025-00925,44.05,45.09862,-1.048621368408206
BATCH-PIR-2025-00926,60.42,55.851322,4.568677825927736
BATCH-PIR-2025-00927,32.7,46.06588,-13.365879821777341
BATCH-PIR-2025-00928,42.92,51.086212,-8.166212158203123
BATCH-PIR-2025-00929,62.37,53.421238,8.948762054443357
BATCH-PIR-2025-00930,49.36,49.836967,-0.4769674682617193
BATCH-PIR-2025-00931,32.92,48.503826,-15.58382614135742
BATCH-PIR-2025-00932,54.64,47.704205,6.935795440673829
BATCH-PIR-2025-00933,39.93,46.28304,-6.353039093017578
BATCH-PIR-2025-00934,86.85,85.58238,1.2676177978515568
BATCH-PIR-2025-00935,44.5,48.259853,-3.7598533630371094
BATCH-PIR-2025-00936,87.81,85.1777,2.6323037719726585
BATCH-PIR-2025-00937,48.67,52.87559,-4.20559127807617
BATCH-PIR-2025-00938,48.65,51.460983,-2.810983276367189
BATCH-PIR-2025-00939,58.18,61.54462,-3.364620513916016
BATCH-PIR-2025-00940,48.63,45.533054,3.096945648193362
BATCH-PIR-2025-00941,39.18,44.774113,-5.594112701416016
BATCH-PIR-2025-00942,47.56,48.371334,-0.8113340759277321
BATCH-PIR-2025-00943,46.83,57.083847,-10.25384704589844
BATCH-PIR-2025-00944,39.66,52.77595,-13.11595138549805
BATCH-PIR-2025-00945,55.59,52.29533,3.2946699523925815
BATCH-PIR-2025-00946,54.01,48.468544,5.541455993652342
BATCH-PIR-2025-00947,38.63,50.986,-12.356000061035154
BATCH-PIR-2025-00948,56.1,58.011288,-1.911287689208983
BATCH-PIR-2025-00949,60.74,50.706932,10.033067932128908
BATCH-PIR-2025-00950,52.06,44.872337,7.1876626586914085
BATCH-PIR-2025-00951,38.38,50.870457,-12.490456695556638
BATCH-PIR-2025-00952,62.63,59.362446,3.2675541687011744
BATCH-PIR-2025-00953,40.11,43.24414,-3.1341406250000006
BATCH-PIR-2025-00954,65.55,54.65506,10.894940185546872
BATCH-PIR-2025-00955,85.34,87.91124,-2.571239624023434
BATCH-PIR-2025-00956,33.49,46.750065,-13.260064849853514
BATCH-PIR-2025-00957,55.38,45.355263,10.024737243652346
BATCH-PIR-2025-00958,49.1,46.473385,2.626615142822267
BATCH-PIR-2025-00959,86.09,86.46189,-0.37189117431640284
BATCH-PIR-2025-00960,52.8,39.372326,13.4276741027832
BATCH-PIR-2025-00961,51.38,46.00129,5.378710632324221
BATCH-PIR-2025-00962,95.0,87.78506,7.214942932128906
BATCH-PIR-2025-00963,41.09,45.629734,-4.539734039306637
BATCH-PIR-2025-00964,36.6,48.495102,-11.895101928710936
BATCH-PIR-2025-00965,95.0,93.68366,1.3163375854492188
BATCH-PIR-2025-00966,45.97,49.897774,-3.9277737426757824
BATCH-PIR-2025-00967,57.75,51.43218,6.317821502685547
BATCH-PIR-2025-00968,49.43,47.383995,2.046004943847656
BATCH-PIR-2025-00969,77.09,73.370995,3.7190054321289097
BATCH-PIR-2025-00970,60.83,58.195023,2.634977416992186
BATCH-PIR-2025-00971,48.54,46.663982,1.8760176086425773
BATCH-PIR-2025-00972,95.0,92.56077,2.4392318725585938
BATCH-PIR-2025-00973,63.81,58.336025,5.473974761962893
BATCH-PIR-2025-00974,27.21,43.01856,-15.808558502197265
BATCH-PIR-2025-00975,38.61,47.279896,-8.669895782470704
BATCH-PIR-2025-00976,63.16,68.72701,-5.567012634277347
BATCH-PIR-2025-00977,30.32,39.506893,-9.186893157958984
BATCH-PIR-2025-00978,54.51,63.73027,-9.22027038574219
BATCH-PIR-2025-00979,50.25,46.47152,3.7784805297851562
BATCH-PIR-2025-00980,40.46,45.548584,-5.088583984374999
BATCH-PIR-2025-00981,38.09,47.77592,-9.685920867919918
BATCH-PIR-2025-00982,47.9,55.03618,-7.136178588867189
BATCH-PIR-2025-00983,49.09,44.40641,4.683589782714847
BATCH-PIR-2025-00984,48.69,49.671234,-0.9812341308593773
BATCH-PIR-2025-00985,45.4,52.52828,-7.1282783508300795
BATCH-PIR-2025-00986,52.5,42.235554,10.264446258544922
BATCH-PIR-2025-00987,95.0,93.3889,1.6110992431640625
BATCH-PIR-2025-00988,84.46,85.28416,-0.8241567993164125
BATCH-PIR-2025-00989,48.07,49.055164,-0.9851643371582028
BATCH-PIR-2025-00990,46.72,54.279415,-7.5594151306152355
BATCH-PIR-2025-00991,95.0,93.19058,1.809417724609375
BATCH-PIR-2025-00992,59.11,46.89279,12.217208251953124
BATCH-PIR-2025-00993,47.69,46.29604,1.3939604187011696
BATCH-PIR-2025-00994,52.35,44.717968,7.6320320129394545
BATCH-PIR-2025-00995,58.06,58.875023,-0.8150228881835915
BATCH-PIR-2025-00996,50.8,60.187294,-9.387294006347659
BATCH-PIR-2025-00997,52.32,47.106735,5.213264770507813
BATCH-PIR-2025-00998,49.22,47.135193,2.084807128906249
BATCH-PIR-2025-00999,56.36,62.258278,-5.898277893066407
BATCH-PIR-2025-01000,45.23,41.97111,3.258888702392575
BATCH-PIR-2025-01001,47.04,39.696514,7.343485870361327
BATCH-PIR-2025-01002,84.05,85.77606,-1.7260620117187528
BATCH-PIR-2025-01003,87.66,84.31569,3.344310913085934
BATCH-PIR-2025-01004,42.8,56.511757,-13.711756896972659
BATCH-PIR-2025-01005,52.41,50.361572,2.0484277343749966
BATCH-PIR-2025-01006,40.4,47.240063,-6.840062713623048
BATCH-PIR-2025-01007,45.4,53.666283,-8.266282653808595
BATCH-PIR-2025-01008,64.79,64.368935,0.42106536865235
BATCH-PIR-2025-01009,52.82,45.188213,7.631786651611328
BATCH-PIR-2025-01010,52.61,57.626167,-5.016167297363282
BATCH-PIR-2025-01011,62.51,53.832577,8.677423248291014
BATCH-PIR-2025-01012,65.38,56.156097,9.22390258789062
BATCH-PIR-2025-01013,63.49,55.600784,7.8892156982421895
BATCH-PIR-2025-01014,83.91,85.815605,-1.9056051635742222
BATCH-PIR-2025-01015,51.01,46.7169,4.293100128173826
BATCH-PIR-2025-01016,54.27,50.029713,4.24028732299805
BATCH-PIR-2025-01017,83.56,84.49488,-0.934880676269529
BATCH-PIR-2025-01018,55.77,49.142834,6.627166290283206
BATCH-PIR-2025-01019,42.87,55.37623,-12.506228332519534
BATCH-PIR-2025-01020,32.55,40.68821,-8.138209533691409
BATCH-PIR-2025-01021,48.72,45.359703,3.360296936035155
BATCH-PIR-2025-01022,85.73,90.439896,-4.7098956298828085
BATCH-PIR-2025-01023,50.12,39.671524,10.448475952148435
BATCH-PIR-2025-01024,59.84,48.89964,10.940360870361332
BATCH-PIR-2025-01025,46.21,50.77104,-4.561041870117187
BATCH-PIR-2025-01026,41.4,48.817444,-7.417443847656251
BATCH-PIR-2025-01027,36.3,45.508434,-9.2084342956543
BATCH-PIR-2025-01028,34.07,41.689312,-7.619311981201172
BATCH-PIR-2025-01029,62.05,61.879513,0.17048721313476278
BATCH-PIR-2025-01030,52.67,49.9932,2.676801605224611
BATCH-PIR-2025-01031,84.36,86.106514,-1.7465139770507818
BATCH-PIR-2025-01032,45.33,44.131447,1.198553161621092
BATCH-PIR-2025-01033,52.08,46.340927,5.739072875976561
BATCH-PIR-2025-01034,34.26,49.38659,-15.12658905029297
BATCH-PIR-2025-01035,62.45,60.32148,2.1285202026367216
BATCH-PIR-2025-01036,37.52,46.718803,-9.198803405761716
BATCH-PIR-2025-01037,38.32,47.315887,-8.995887451171875
BATCH-PIR-2025-01038,55.99,50.969814,5.020185699462893
BATCH-PIR-2025-01039,88.59,87.89765,0.6923483276367222
BATCH-PIR-2025-01040,34.81,45.261173,-10.451173248291013
BATCH-PIR-2025-01041,34.95,39.83464,-4.884640502929685
BATCH-PIR-2025-01042,44.99,51.967438,-6.977437744140623
BATCH-PIR-2025-01043,53.95,61.93096,-7.980961608886716
BATCH-PIR-2025-01044,95.0,84.59467,10.405326843261719
BATCH-PIR-2025-01045,45.52,51.566807,-6.0468067932128875
BATCH-PIR-2025-01046,54.3,49.982834,4.31716613769531
BATCH-PIR-2025-01047,36.9,44.804836,-7.904836273193361
BATCH-PIR-2025-01048,62.53,50.080887,12.449113159179689
BATCH-PIR-2025-01049,50.17,43.121067,7.048932952880861
BATCH-PIR-2025-01050,63.37,51.53237,11.837628479003904
BATCH-PIR-2025-01051,74.07,81.98199,-7.911986999511726
BATCH-PIR-2025-01052,38.82,48.50118,-9.681178741455078
BATCH-PIR-2025-01053,33.03,44.556057,-11.526056976318358
BATCH-PIR-2025-01054,83.25,88.85181,-5.601806640625
BATCH-PIR-2025-01055,54.06,56.209663,-2.149663391113279
BATCH-PIR-2025-01056,37.92,37.220425,0.6995753479003923
BATCH-PIR-2025-01057,60.05,53.476112,6.573887634277341
BATCH-PIR-2025-01058,46.61,53.257042,-6.647041931152344
BATCH-PIR-2025-01059,52.02,45.10147,6.918529052734378
BATCH-PIR-2025-01060,45.95,41.853867,4.096133422851565
BATCH-PIR-2025-01061,56.35,50.412403,5.937596893310548
BATCH-PIR-2025-01062,53.09,45.38681,7.703189697265628
BATCH-PIR-2025-01063,55.01,41.533234,13.476766357421873
BATCH-PIR-2025-01064,50.27,42.624565,7.645434875488284
BATCH-PIR-2025-01065,62.02,51.136578,10.883422393798831
BATCH-PIR-2025-01066,52.58,45.103546,7.476453857421873
BATCH-PIR-2025-01067,59.48,49.23416,10.245838623046872
BATCH-PIR-2025-01068,28.19,43.99722,-15.807219085693358
BATCH-PIR-2025-01069,44.65,45.104027,-0.45402679443359517
BATCH-PIR-2025-01070,54.57,64.82194,-10.251937561035156
BATCH-PIR-2025-01071,82.38,84.16697,-1.7869692993164108
BATCH-PIR-2025-01072,54.7,42.306145,12.393855285644534
BATCH-PIR-2025-01073,25.17,47.11319,-21.943189697265623
BATCH-PIR-2025-01074,49.73,49.01517,0.7148289489746062
BATCH-PIR-2025-01075,56.12,53.254307,2.865693206787107
BATCH-PIR-2025-01076,47.81,48.645206,-0.8352064514160134
BATCH-PIR-2025-01077,71.88,49.025074,22.854925994873042
BATCH-PIR-2025-01078,91.32,90.07903,1.2409671020507744
BATCH-PIR-2025-01079,46.84,46.533554,0.3064459228515659
BATCH-PIR-2025-01080,45.79,56.728386,-10.93838592529297
BATCH-PIR-2025-01081,33.73,49.589115,-15.859115142822269
BATCH-PIR-2025-01082,95.0,91.54852,3.45147705078125
BATCH-PIR-2025-01083,44.67,49.008392,-4.338392333984373
BATCH-PIR-2025-01084,82.45,92.5907,-10.140698242187497
BATCH-PIR-2025-01085,44.41,47.2878,-2.8777998352050815
BATCH-PIR-2025-01086,44.91,47.065037,-2.155036773681644
BATCH-PIR-2025-01087,36.2,49.822067,-13.622067260742185
BATCH-PIR-2025-01088,44.27,46.731487,-2.4614872741699187
BATCH-PIR-2025-01089,55.43,49.543797,5.886203460693359
BATCH-PIR-2025-01090,48.15,48.285656,-0.1356559753417983
BATCH-PIR-2025-01091,50.35,43.759254,6.590745544433595
BATCH-PIR-2025-01092,47.86,45.582806,2.2771943664550776
BATCH-PIR-2025-01093,54.17,55.381588,-1.2115879821777327
BATCH-PIR-2025-01094,41.6,37.7932,3.8067985534667983
BATCH-PIR-2025-01095,41.92,41.258366,0.6616343688964861
BATCH-PIR-2025-01096,35.91,48.9024,-12.992400970458988
BATCH-PIR-2025-01097,49.52,44.172543,5.347457427978519
BATCH-PIR-2025-01098,91.65,89.50911,2.140890502929693
BATCH-PIR-2025-01099,80.02,86.15776,-6.1377606201171915
BATCH-PIR-2025-01100,61.42,52.667946,8.752054138183595
BATCH-PIR-2025-01101,47.37,45.51087,1.8591281127929662
BATCH-PIR-2025-01102,43.93,43.15838,0.771621398925781
BATCH-PIR-2025-01103,43.94,50.509373,-6.569372711181643
BATCH-PIR-2025-01104,38.23,41.48382,-3.2538218688964875
BATCH-PIR-2025-01105,49.34,58.802475,-9.462474975585934
BATCH-PIR-2025-01106,61.25,66.04896,-4.798957824707031
BATCH-PIR-2025-01107,36.0,45.820446,-9.820446014404297
BATCH-PIR-2025-01108,43.62,46.065945,-2.445944671630862
BATCH-PIR-2025-01109,25.27,36.604206,-11.334206085205079
BATCH-PIR-2025-01110,90.35,91.00403,-0.6540283203125057
BATCH-PIR-2025-01111,95.0,92.677895,2.3221054077148438
BATCH-PIR-2025-01112,42.93,48.307903,-5.377903289794922
BATCH-PIR-2025-01113,43.89,46.33974,-2.4497407531738276
BATCH-PIR-2025-01114,92.74,89.459595,3.280405273437495
BATCH-PIR-2025-01115,92.02,86.8471,5.172900695800777
BATCH-PIR-2025-01116,61.53,51.348953,10.181046752929689
BATCH-PIR-2025-01117,57.78,49.265514,8.514485626220704
BATCH-PIR-2025-01118,42.44,41.65346,0.7865385437011696
BATCH-PIR-2025-01119,72.27,65.8598,6.410197753906246
BATCH-PIR-2025-01120,50.99,47.813896,3.1761038208007832
BATCH-PIR-2025-01121,63.22,51.122322,12.097677917480468
BATCH-PIR-2025-01122,54.15,44.246693,9.903307342529295
BATCH-PIR-2025-01123,47.54,41.80304,5.736960449218749
BATCH-PIR-2025-01124,49.87,48.028664,1.8413363647460912
BATCH-PIR-2025-01125,37.64,46.948586,-9.308585510253906
BATCH-PIR-2025-01126,46.81,47.11525,-0.3052496337890602
BATCH-PIR-2025-01127,49.08,55.247303,-6.167303009033205
BATCH-PIR-2025-01128,56.71,58.435806,-1.7258062744140616
BATCH-PIR-2025-01129,38.21,45.971107,-7.761107482910155
BATCH-PIR-2025-01130,35.19,42.90355,-7.71354919433594
BATCH-PIR-2025-01131,53.92,51.742847,2.1771525573730486
BATCH-PIR-2025-01132,58.21,53.38555,4.824448547363282
BATCH-PIR-2025-01133,95.0,94.67639,0.3236083984375
BATCH-PIR-2025-01134,52.54,60.3346,-7.7945985412597665
BATCH-PIR-2025-01135,55.09,45.830532,9.259467926025394
BATCH-PIR-2025-01136,70.91,62.318943,8.591056976318356
BATCH-PIR-2025-01137,67.67,65.447136,2.222864074707033
BATCH-PIR-2025-01138,53.74,43.13885,10.601148834228518
BATCH-PIR-2025-01139,95.0,89.53658,5.463417053222656
BATCH-PIR-2025-01140,41.29,54.646297,-13.356297454833985
BATCH-PIR-2025-01141,39.71,43.816586,-4.1065855407714835
BATCH-PIR-2025-01142,40.6,40.528748,0.07125244140625142
BATCH-PIR-2025-01143,51.24,50.79518,0.4448187255859395
BATCH-PIR-2025-01144,41.96,49.20064,-7.240641632080077
BATCH-PIR-2025-01145,39.01,46.9373,-7.9273016357421895
BATCH-PIR-2025-01146,62.84,62.869827,-0.02982727050780909
BATCH-PIR-2025-01147,95.0,92.906654,2.0933456420898438
BATCH-PIR-2025-01148,48.64,42.494156,6.145844116210938
BATCH-PIR-2025-01149,47.48,46.629257,0.8507427978515594
BATCH-PIR-2025-01150,59.98,51.598476,8.381523590087887
BATCH-PIR-2025-01151,86.4,87.070724,-0.6707244873046818
BATCH-PIR-2025-01152,47.99,50.92034,-2.9303414916992168
BATCH-PIR-2025-01153,39.75,47.710617,-7.9606170654296875
BATCH-PIR-2025-01154,58.7,48.735653,9.964347076416018
BATCH-PIR-2025-01155,51.34,47.818077,3.5219229125976597
BATCH-PIR-2025-01156,45.61,47.942307,-2.332306518554688
BATCH-PIR-2025-01157,86.4,85.987045,0.4129547119140682
BATCH-PIR-2025-01158,95.0,93.12063,1.8793716430664062
BATCH-PIR-2025-01159,30.03,44.65554,-14.625540466308593
BATCH-PIR-2025-01160,52.46,48.362984,4.09701629638672
BATCH-PIR-2025-01161,33.76,51.99707,-18.237070312500002
BATCH-PIR-2025-01162,39.1,48.92436,-9.82435836791992
BATCH-PIR-2025-01163,64.72,57.090828,7.629172058105468
BATCH-PIR-2025-01164,60.17,47.4315,12.73850051879883
BATCH-PIR-2025-01165,40.61,47.897343,-7.287342681884766
BATCH-PIR-2025-01166,58.77,48.05016,10.7198405456543
BATCH-PIR-2025-01167,48.02,58.398575,-10.37857482910156
BATCH-PIR-2025-01168,88.56,91.37718,-2.8171820068359352
BATCH-PIR-2025-01169,35.34,47.553318,-12.213318023681637
BATCH-PIR-2025-01170,55.78,65.12546,-9.345457763671874
BATCH-PIR-2025-01171,44.58,53.827427,-9.247426910400392
BATCH-PIR-2025-01172,56.34,51.09577,5.244228210449222
BATCH-PIR-2025-01173,56.89,46.143158,10.746842041015626
BATCH-PIR-2025-01174,32.49,43.58168,-11.09168029785156
BATCH-PIR-2025-01175,57.86,55.726467,2.13353286743164
BATCH-PIR-2025-01176,59.64,62.77524,-3.13524185180664
BATCH-PIR-2025-01177,56.75,53.16263,3.587371826171875
BATCH-PIR-2025-01178,42.33,46.01602,-3.6860217285156267
BATCH-PIR-2025-01179,47.56,38.927593,8.63240676879883
BATCH-PIR-2025-01180,34.97,42.718845,-7.748845367431642
BATCH-PIR-2025-01181,45.27,39.067387,6.2026133728027375
BATCH-PIR-2025-01182,51.25,33.502155,17.747844696044922
BATCH-PIR-2025-01183,46.37,46.042805,0.3271952819824193
BATCH-PIR-2025-01184,64.73,64.32721,0.402790527343754
BATCH-PIR-2025-01185,82.4,85.26847,-2.8684707641601506
BATCH-PIR-2025-01186,38.66,43.192223,-4.532222595214847
BATCH-PIR-2025-01187,52.63,45.53762,7.092379455566409
BATCH-PIR-2025-01188,32.48,36.77226,-4.292258758544925
BATCH-PIR-2025-01189,54.07,58.91255,-4.842551879882812
BATCH-PIR-2025-01190,64.35,46.82895,17.52105102539062
BATCH-PIR-2025-01191,36.66,49.570683,-12.910682525634769
BATCH-PIR-2025-01192,55.57,46.84098,8.729019470214844
BATCH-PIR-2025-01193,56.56,53.096916,3.4630838012695335
BATCH-PIR-2025-01194,51.27,46.034843,5.235156555175784
BATCH-PIR-2025-01195,57.1,50.77209,6.327909088134767
BATCH-PIR-2025-01196,80.35,86.499565,-6.149565124511724
BATCH-PIR-2025-01197,39.42,41.110695,-1.6906948852539045
BATCH-PIR-2025-01198,47.12,50.215054,-3.095053558349612
BATCH-PIR-2025-01199,33.28,45.64808,-12.36807891845703
BATCH-PIR-2025-01200,35.6,36.384876,-0.7848762512207017
BATCH-PIR-2025-01201,62.9,47.826035,15.073965454101561
BATCH-PIR-2025-01202,52.62,42.95156,9.668439025878904
BATCH-PIR-2025-01203,92.96,90.505486,2.454514465332025
BATCH-PIR-2025-01204,39.42,44.407097,-4.987096862792967
BATCH-PIR-2025-01205,84.02,84.803215,-0.7832150268554727
BATCH-PIR-2025-01206,59.75,68.564445,-8.814445495605469
BATCH-PIR-2025-01207,47.11,50.683907,-3.573906555175782
BATCH-PIR-2025-01208,48.97,52.001762,-3.03176239013672
BATCH-PIR-2025-01209,47.4,40.264378,7.135622406005858
BATCH-PIR-2025-01210,86.08,84.32216,1.7578411865234358
BATCH-PIR-2025-01211,51.5,48.937687,2.5623130798339844
BATCH-PIR-2025-01212,47.16,57.007175,-9.847175445556644
BATCH-PIR-2025-01213,33.09,46.743263,-13.653263244628903
BATCH-PIR-2025-01214,62.25,57.04735,5.202648162841797
BATCH-PIR-2025-01215,56.43,53.188656,3.2413441467285153
BATCH-PIR-2025-01216,36.9,41.456207,-4.556207275390626
BATCH-PIR-2025-01217,61.0,56.144047,4.855953216552734
BATCH-PIR-2025-01218,95.0,93.9021,1.097900390625
BATCH-PIR-2025-01219,35.0,43.216206,-8.216205596923828
BATCH-PIR-2025-01220,60.31,46.02747,14.282530364990237
BATCH-PIR-2025-01221,48.17,54.317055,-6.1470547485351545
BATCH-PIR-2025-01222,54.4,51.927605,2.47239532470703
BATCH-PIR-2025-01223,76.92,86.2301,-9.310102539062498
BATCH-PIR-2025-01224,58.76,43.689095,15.070905456542967
BATCH-PIR-2025-01225,53.38,50.943077,2.436922912597659
BATCH-PIR-2025-01226,30.51,40.878674,-10.368673553466795
BATCH-PIR-2025-01227,60.38,58.7633,1.6166981506347682
BATCH-PIR-2025-01228,72.39,78.8292,-6.439200744628906
BATCH-PIR-2025-01229,39.04,48.972477,-9.932476959228516
BATCH-PIR-2025-01230,37.11,48.63782,-11.527821197509766
BATCH-PIR-2025-01231,94.14,91.22605,2.9139486694335943
BATCH-PIR-2025-01232,34.29,46.963577,-12.673577270507813
BATCH-PIR-2025-01233,41.79,49.543255,-7.753254852294923
BATCH-PIR-2025-01234,30.35,41.01372,-10.663721466064452
BATCH-PIR-2025-01235,50.97,39.164043,11.805956573486327
BATCH-PIR-2025-01236,95.0,86.8047,8.195297241210938
BATCH-PIR-2025-01237,48.02,48.927948,-0.9079479980468719
BATCH-PIR-2025-01238,52.45,42.60843,9.841571044921878
BATCH-PIR-2025-01239,52.07,51.823814,0.24618560791015653
BATCH-PIR-2025-01240,42.94,37.51459,5.425408782958982
BATCH-PIR-2025-01241,50.62,48.251225,2.368775482177732
BATCH-PIR-2025-01242,46.27,50.400883,-4.1308827209472625
BATCH-PIR-2025-01243,51.97,41.071323,10.898676605224608
BATCH-PIR-2025-01244,50.09,44.160492,5.929508056640628
BATCH-PIR-2025-01245,32.36,39.05412,-6.694119110107422
BATCH-PIR-2025-01246,47.74,44.431564,3.3084356689453145
BATCH-PIR-2025-01247,42.52,42.429947,0.09005310058594063
BATCH-PIR-2025-01248,43.85,46.313988,-2.4639877319335923
BATCH-PIR-2025-01249,95.0,93.99306,1.0069427490234375
BATCH-PIR-2025-01250,63.28,65.02669,-1.7466876220703114
BATCH-PIR-2025-01251,38.32,50.63324,-12.31323974609375
BATCH-PIR-2025-01252,41.57,47.396954,-5.826953582763672
BATCH-PIR-2025-01253,55.44,61.910538,-6.470537719726565
BATCH-PIR-2025-01254,45.17,45.844513,-0.6745129394531233
BATCH-PIR-2025-01255,47.43,43.466373,3.963626556396484
BATCH-PIR-2025-01256,51.03,41.28946,9.740540771484376
BATCH-PIR-2025-01257,49.65,52.044807,-2.3948074340820327
BATCH-PIR-2025-01258,43.33,38.80231,4.527689056396483
BATCH-PIR-2025-01259,81.18,85.31407,-4.134071655273431
BATCH-PIR-2025-01260,66.23,64.25722,1.9727825927734415
BATCH-PIR-2025-01261,48.26,58.881256,-10.621256103515627
BATCH-PIR-2025-01262,47.54,48.77181,-1.231808624267579
BATCH-PIR-2025-01263,37.98,52.3832,-14.403201599121097
BATCH-PIR-2025-01264,55.84,52.721657,3.118343200683597
BATCH-PIR-2025-01265,36.94,41.468834,-4.528833923339846
BATCH-PIR-2025-01266,57.29,46.74701,10.54299072265625
BATCH-PIR-2025-01267,46.74,43.891804,2.848196258544924
BATCH-PIR-2025-01268,58.15,55.673523,2.4764770507812486
BATCH-PIR-2025-01269,38.45,40.942226,-2.4922264099121065
BATCH-PIR-2025-01270,41.46,41.448116,0.011883697509766478
BATCH-PIR-2025-01271,87.44,85.27785,2.1621527099609352
BATCH-PIR-2025-01272,36.78,44.337097,-7.557097167968749
BATCH-PIR-2025-01273,45.94,43.65572,2.2842802429199196
BATCH-PIR-2025-01274,43.75,42.81293,0.9370689392089844
BATCH-PIR-2025-01275,51.33,49.752636,1.5773640441894514
BATCH-PIR-2025-01276,29.16,36.721333,-7.561332550048828
BATCH-PIR-2025-01277,47.27,48.740353,-1.4703526306152312
BATCH-PIR-2025-01278,28.51,43.19714,-14.687139739990233
BATCH-PIR-2025-01279,40.92,43.05873,-2.138731079101561
BATCH-PIR-2025-01280,34.3,41.999233,-7.699233245849612
BATCH-PIR-2025-01281,49.68,41.505604,8.174396209716797
BATCH-PIR-2025-01282,43.03,43.566273,-0.536272735595702
BATCH-PIR-2026-00001,30.52,41.24595,-10.725948791503907
BATCH-PIR-2026-00002,47.2,52.20619,-5.006188201904294
BATCH-PIR-2026-00003,40.91,42.277542,-1.367542114257816
BATCH-PIR-2026-00004,57.32,57.74857,-0.42856948852539034
BATCH-PIR-2026-00005,32.0,38.527687,-6.527687072753906
BATCH-PIR-2026-00006,62.98,60.280594,2.6994061279296844
BATCH-PIR-2026-00007,47.14,42.901855,4.238144531250001
BATCH-PIR-2026-00008,51.84,41.218925,10.621074523925785
BATCH-PIR-2026-00009,33.38,42.86749,-9.487488861083982
BATCH-PIR-2026-00010,30.08,44.715343,-14.635343475341799
BATCH-PIR-2026-00011,38.73,39.82796,-1.0979609680175813
BATCH-PIR-2026-00012,31.11,37.732433,-6.622433319091797
BATCH-PIR-2026-00013,47.37,38.61715,8.752850646972654
BATCH-PIR-2026-00014,46.1,48.066452,-1.966452026367186
BATCH-PIR-2026-00015,45.9,39.361168,6.538832092285155
BATCH-PIR-2026-00016,44.05,32.11042,11.939579772949216
BATCH-PIR-2026-00017,49.79,46.522312,3.2676878356933585
BATCH-PIR-2026-00018,94.2,94.25574,-0.05573730468749716
BATCH-PIR-2026-00019,38.31,51.197773,-12.887772979736326
BATCH-PIR-2026-00020,49.52,39.1138,10.406199951171878
BATCH-PIR-2026-00021,55.16,57.772774,-2.6127737426757847
BATCH-PIR-2026-00022,33.74,47.082134,-13.34213424682617
BATCH-PIR-2026-00023,54.56,44.97837,9.581629333496096
BATCH-PIR-2026-00024,34.6,40.510925,-5.910925292968749
BATCH-PIR-2026-00025,90.56,87.5442,3.015802917480471
BATCH-PIR-2026-00026,45.13,46.41281,-1.2828112792968724
BATCH-PIR-2026-00027,29.46,39.89271,-10.432711639404296
BATCH-PIR-2026-00028,19.71,32.305954,-12.595953979492187
BATCH-PIR-2026-00029,24.1,38.519302,-14.419302368164061
BATCH-PIR-2026-00030,74.81,62.438152,12.37184768676758
BATCH-PIR-2026-00031,52.23,57.818924,-5.588923950195316
BATCH-PIR-2026-00032,95.0,89.09728,5.902717590332031
BATCH-PIR-2026-00033,88.53,89.98435,-1.4543521118164051
BATCH-PIR-2026-00034,37.85,41.69201,-3.8420089721679673
BATCH-PIR-2026-00035,44.31,48.790077,-4.480077209472654
BATCH-PIR-2026-00036,28.91,41.92185,-13.01184829711914
BATCH-PIR-2026-00037,30.21,46.437992,-16.227992095947265
BATCH-PIR-2026-00038,43.57,46.042046,-2.4720455932617185
BATCH-PIR-2026-00039,37.27,45.07169,-7.8016896057128875
BATCH-PIR-2026-00040,49.89,40.928112,8.961887969970704
BATCH-PIR-2026-00041,47.51,43.307796,4.202203521728514
BATCH-PIR-2026-00042,95.0,85.548584,9.451416015625
BATCH-PIR-2026-00043,36.61,40.7323,-4.122299804687501
BATCH-PIR-2026-00044,50.32,38.708355,11.611645050048828
BATCH-PIR-2026-00045,69.37,46.649807,22.720193023681645
BATCH-PIR-2026-00046,52.8,41.632343,11.167656707763669
BATCH-PIR-2026-00047,32.36,39.73361,-7.37360824584961
BATCH-PIR-2026-00048,54.21,59.597164,-5.3871641540527335
BATCH-PIR-2026-00049,53.13,59.701916,-6.571915740966794
BATCH-PIR-2026-00050,34.76,42.03965,-7.279649963378908
BATCH-PIR-2026-00051,72.06,60.930824,11.129175720214846
BATCH-PIR-2026-00052,51.02,46.1291,4.890899200439456
BATCH-PIR-2026-00053,87.06,84.11916,2.9408364868164085
BATCH-PIR-2026-00054,41.96,46.16737,-4.207369842529296
BATCH-PIR-2026-00055,50.58,43.4531,7.126901702880858
BATCH-PIR-2026-00056,54.67,41.282322,13.387678070068361
BATCH-PIR-2026-00057,36.4,43.461445,-7.0614448547363295
BATCH-PIR-2026-00058,42.05,46.719822,-4.6698219299316435
BATCH-PIR-2026-00059,64.37,51.72169,12.648308868408208
BATCH-PIR-2026-00060,31.44,43.579796,-12.139795837402342
BATCH-PIR-2026-00061,45.84,53.11652,-7.276519927978512
BATCH-PIR-2026-00062,36.97,38.67656,-1.7065594482421886
BATCH-PIR-2026-00063,37.17,46.722565,-9.552564697265623
BATCH-PIR-2026-00064,56.36,44.82083,11.539168701171874
BATCH-PIR-2026-00065,61.04,64.94066,-3.9006585693359384
BATCH-PIR-2026-00066,82.24,87.05785,-4.817853698730474
BATCH-PIR-2026-00067,53.95,45.22066,8.729338836669925
BATCH-PIR-2026-00068,46.5,42.323574,4.176425933837891
BATCH-PIR-2026-00069,38.9,43.02699,-4.126988983154298
BATCH-PIR-2026-00070,57.87,42.615917,15.25408279418945
BATCH-PIR-2026-00071,52.63,45.445057,7.184943084716799
BATCH-PIR-2026-00072,92.78,90.27251,2.5074932861328136
BATCH-PIR-2026-00073,92.47,89.80864,2.6613604736328114
BATCH-PIR-2026-00074,33.51,43.428097,-9.918096771240236
BATCH-PIR-2026-00075,40.68,46.419434,-5.73943359375
BATCH-PIR-2026-00076,47.42,49.136803,-1.716802673339842
BATCH-PIR-2026-00077,38.16,39.687992,-1.527992095947269
BATCH-PIR-2026-00078,81.62,84.27115,-2.6511486816406205
BATCH-PIR-2026-00079,56.25,44.434975,11.815025329589844
BATCH-PIR-2026-00080,66.06,62.15195,3.9080491638183616
BATCH-PIR-2026-00081,48.23,44.97332,3.256679992675778
BATCH-PIR-2026-00082,47.78,58.741295,-10.961294860839843
BATCH-PIR-2026-00083,79.04,85.06919,-6.0291909790039
BATCH-PIR-2026-00084,29.28,40.875813,-11.595812530517577
BATCH-PIR-2026-00085,60.65,68.25917,-7.609170532226564
BATCH-PIR-2026-00086,53.31,56.386543,-3.076543273925779
BATCH-PIR-2026-00087,38.05,40.060307,-2.0103065490722685
BATCH-PIR-2026-00088,56.9,66.29883,-9.398828125000001
BATCH-PIR-2026-00089,45.7,51.805595,-6.105595397949216
BATCH-PIR-2026-00090,46.97,51.84431,-4.874310760498048
BATCH-PIR-2026-00091,50.2,56.054504,-5.854504394531247
BATCH-PIR-2026-00092,56.67,49.12355,7.546449584960939
BATCH-PIR-2026-00093,95.0,90.046234,4.953765869140625
BATCH-PIR-2026-00094,90.35,89.87777,0.47223052978515057
BATCH-PIR-2026-00095,87.77,87.2143,0.5556979370117148
BATCH-PIR-2026-00096,57.11,47.46942,9.64057861328125
BATCH-PIR-2026-00097,63.71,61.721222,1.9887780761718759
BATCH-PIR-2026-00098,57.22,58.40666,-1.186658172607423
BATCH-PIR-2026-00099,88.53,83.39446,5.135537414550782
BATCH-PIR-2026-00100,39.12,42.298347,-3.178347473144534
BATCH-PIR-2026-00101,90.1,88.555595,1.5444046020507756
BATCH-PIR-2026-00102,52.15,47.416916,4.733084106445311
BATCH-PIR-2026-00103,48.5,58.47162,-9.97161865234375
BATCH-PIR-2026-00104,91.25,91.30337,-0.05336761474609375
BATCH-PIR-2026-00105,49.54,48.95331,0.5866918945312491
BATCH-PIR-2026-00106,85.91,86.48741,-0.5774114990234409
BATCH-PIR-2026-00107,40.45,52.89927,-12.449269104003903
BATCH-PIR-2026-00108,52.52,49.460716,3.0592837524414094
BATCH-PIR-2026-00109,94.28,91.50036,2.7796414184570324
BATCH-PIR-2026-00110,79.14,62.041515,17.098484649658204
BATCH-PIR-2026-00111,33.84,55.457882,-21.61788192749023
BATCH-PIR-2026-00112,54.46,51.337444,3.122555694580079
BATCH-PIR-2026-00113,45.56,51.121128,-5.561128082275388
BATCH-PIR-2026-00114,46.44,53.081196,-6.64119583129883
BATCH-PIR-2026-00115,55.7,55.854076,-0.15407638549804403
BATCH-PIR-2026-00116,38.7,40.376823,-1.676823425292966
BATCH-PIR-2026-00117,29.54,39.752945,-10.212944946289063
BATCH-PIR-2026-00118,69.63,65.15554,4.474459533691402
BATCH-PIR-2026-00119,35.7,43.931995,-8.2319953918457
BATCH-PIR-2026-00120,37.09,48.028538,-10.938537750244137
BATCH-PIR-2026-00121,57.37,61.609848,-4.23984802246094
BATCH-PIR-2026-00122,73.75,86.507996,-12.75799560546875
BATCH-PIR-2026-00123,46.23,43.715584,2.5144161987304656
BATCH-PIR-2026-00124,42.28,49.15615,-6.876150817871093
BATCH-PIR-2026-00125,34.14,43.909725,-9.769725189208984
BATCH-PIR-2026-00126,53.46,42.75544,10.70456024169922
BATCH-PIR-2026-00127,39.25,42.996456,-3.7464561462402344
BATCH-PIR-2026-00128,42.38,41.91968,0.46031845092773693
BATCH-PIR-2026-00129,63.39,49.12478,14.265221252441407
BATCH-PIR-2026-00130,92.78,87.87102,4.908982543945314
BATCH-PIR-2026-00131,50.15,48.71456,1.4354385375976548
BATCH-PIR-2026-00132,47.24,40.313065,6.9269354248046895
BATCH-PIR-2026-00133,61.15,40.986263,20.163736724853514
BATCH-PIR-2026-00134,62.0,51.274387,10.72561264038086
BATCH-PIR-2026-00135,45.98,39.257202,6.722797851562497
BATCH-PIR-2026-00136,41.42,50.750816,-9.330816345214842
BATCH-PIR-2026-00137,19.88,33.278618,-13.39861785888672
BATCH-PIR-2026-00138,40.14,49.688805,-9.548804626464843
BATCH-PIR-2026-00139,44.79,41.50503,3.2849684143066398
BATCH-PIR-2026-00140,40.82,48.63252,-7.812518768310547
BATCH-PIR-2026-00141,60.54,52.541557,7.99844268798828
BATCH-PIR-2026-00142,40.67,41.991135,-1.3211346435546858
BATCH-PIR-2026-00143,55.0,41.700356,13.299644470214844
BATCH-PIR-2026-00144,54.45,49.817856,4.632144165039065
BATCH-PIR-2026-00145,51.31,39.45028,11.859720764160159
BATCH-PIR-2026-00146,45.29,39.52116,5.768839874267577
BATCH-PIR-2026-00147,65.42,50.65889,14.76111022949219
BATCH-PIR-2026-00148,54.74,52.84116,1.8988401794433614
BATCH-PIR-2026-00149,87.18,85.93625,1.2437512207031318
BATCH-PIR-2026-00150,85.9,90.071396,-4.171395874023432
BATCH-PIR-2026-00151,52.94,60.824677,-7.884676513671877
BATCH-PIR-2026-00152,86.56,89.28217,-2.722173156738279
BATCH-PIR-2026-00153,42.15,52.759785,-10.60978469848633
BATCH-PIR-2026-00154,34.25,44.224766,-9.97476577758789
BATCH-PIR-2026-00155,52.2,46.865902,5.3340980529785185
BATCH-PIR-2026-00156,51.88,46.707096,5.172903900146487
BATCH-PIR-2026-00157,57.53,45.255753,12.274247436523439
BATCH-PIR-2026-00158,50.64,41.36206,9.277939453125
BATCH-PIR-2026-00159,37.37,44.16154,-6.791540985107424
BATCH-PIR-2026-00160,53.62,48.123768,5.496232147216794
BATCH-PIR-2026-00161,52.73,49.26112,3.4688801574707
BATCH-PIR-2026-00162,48.26,42.680126,5.579873809814451
BATCH-PIR-2026-00163,28.0,35.817154,-7.8171539306640625
BATCH-PIR-2026-00164,91.51,90.20849,1.3015115356445364
BATCH-PIR-2026-00165,48.1,43.062057,5.037942504882814
BATCH-PIR-2026-00166,47.33,52.008972,-4.678972167968752
BATCH-PIR-2026-00167,47.67,40.687157,6.982843322753908
BATCH-PIR-2026-00168,41.18,44.24082,-3.0608218383789065
BATCH-PIR-2026-00169,30.31,37.654644,-7.344644012451173
BATCH-PIR-2026-00170,48.91,44.38779,4.522209320068356
BATCH-PIR-2026-00171,39.22,43.522015,-4.302014617919923
BATCH-PIR-2026-00172,47.77,42.901142,4.868857879638675
BATCH-PIR-2026-00173,36.81,43.41082,-6.6008200073242165
BATCH-PIR-2026-00174,45.22,40.86645,4.3535487365722645
BATCH-PIR-2026-00175,50.63,47.381905,3.2480953979492213
BATCH-PIR-2026-00176,44.78,48.044163,-3.2641627502441395
BATCH-PIR-2026-00177,45.03,45.44375,-0.4137484741210926
BATCH-PIR-2026-00178,55.95,41.45592,14.4940788269043
BATCH-PIR-2026-00179,58.44,63.287514,-4.8475137329101585
BATCH-PIR-2026-00180,53.38,49.76539,3.6146115112304713
BATCH-PIR-2026-00181,44.76,43.00102,1.7589814758300761
BATCH-PIR-2026-00182,36.25,43.10634,-6.8563385009765625
BATCH-PIR-2026-00183,24.93,39.74974,-14.819740600585938
BATCH-PIR-2026-00184,48.72,44.5823,4.137701721191405
BATCH-PIR-2026-00185,56.07,49.04872,7.021278686523438
BATCH-PIR-2026-00186,48.95,45.271446,3.678553771972659
BATCH-PIR-2026-00187,47.8,45.249012,2.550988006591794
BATCH-PIR-2026-00188,59.16,42.789112,16.370887908935543
BATCH-PIR-2026-00189,39.91,43.13079,-3.220790710449222
BATCH-PIR-2026-00190,34.38,40.08969,-5.709691162109372
BATCH-PIR-2026-00191,49.24,46.461357,2.7786428833007832
BATCH-PIR-2026-00192,51.75,42.41492,9.335079193115234
BATCH-PIR-2026-00193,92.71,90.08555,2.6244515991210875
BATCH-PIR-2026-00194,64.02,50.161575,13.858424682617184
BATCH-PIR-2026-00195,49.66,40.772568,8.887432250976559
BATCH-PIR-2026-00196,53.48,49.35875,4.121250610351559
BATCH-PIR-2026-00197,60.48,66.99363,-6.513629455566409
BATCH-PIR-2026-00198,47.01,43.907238,3.102761993408201
BATCH-PIR-2026-00199,30.2,38.21081,-8.010811614990235
BATCH-PIR-2026-00200,48.15,43.996433,4.153566741943358
BATCH-PIR-2026-00201,58.65,51.124638,7.525362396240233
BATCH-PIR-2026-00202,56.48,46.46721,10.01279113769531
BATCH-PIR-2026-00203,37.54,45.10389,-7.563889465332032
BATCH-PIR-2026-00204,45.73,44.16176,1.5682415771484344
BATCH-PIR-2026-00205,34.31,34.8497,-0.5397009277343727
BATCH-PIR-2026-00206,91.1,83.655014,7.444985961914057
BATCH-PIR-2026-00207,60.0,50.944695,9.055305480957031
BATCH-PIR-2026-00208,93.8,91.1401,2.6599014282226534
BATCH-PIR-2026-00209,91.54,87.06307,4.4769277954101625
BATCH-PIR-2026-00210,28.18,40.0475,-11.867500610351563
BATCH-PIR-2026-00211,54.17,64.35208,-10.182081298828123
BATCH-PIR-2026-00212,39.98,52.706024,-12.726024169921878
BATCH-PIR-2026-00213,61.15,54.040554,7.109445953369139
BATCH-PIR-2026-00214,75.75,77.660034,-1.9100341796875
BATCH-PIR-2026-00215,84.61,82.93759,1.6724084472656244
BATCH-PIR-2026-00216,45.01,51.23312,-6.223119964599611
BATCH-PIR-2026-00217,55.35,61.681858,-6.331858062744139
BATCH-PIR-2026-00218,49.45,48.600155,0.8498451232910185
BATCH-PIR-2026-00219,84.09,89.63463,-5.544628295898434
BATCH-PIR-2026-00220,38.12,47.45657,-9.336569671630862
BATCH-PIR-2026-00221,49.34,52.10081,-2.7608110046386685
BATCH-PIR-2026-00222,47.76,41.681496,6.078504333496092
BATCH-PIR-2026-00223,58.45,51.573483,6.8765174865722685
BATCH-PIR-2026-00224,50.52,52.842907,-2.3229069519042937
BATCH-PIR-2026-00225,23.14,41.263645,-18.12364517211914
BATCH-PIR-2026-00226,51.12,47.851925,3.268075103759763
BATCH-PIR-2026-00227,42.28,53.585686,-11.305685729980468
BATCH-PIR-2026-00228,88.16,86.026985,2.1330148315429653
BATCH-PIR-2026-00229,45.79,48.30836,-2.5183610534667977
BATCH-PIR-2026-00230,89.5,88.49944,1.0005569458007812
BATCH-PIR-2026-00231,38.98,47.840607,-8.860606689453128
BATCH-PIR-2026-00232,58.62,52.116936,6.503064270019529
BATCH-PIR-2026-00233,48.91,54.676132,-5.766132202148441
BATCH-PIR-2026-00234,81.53,86.524284,-4.994284362792968
BATCH-PIR-2026-00235,36.11,43.78783,-7.677830352783204
BATCH-PIR-2026-00236,41.67,43.092422,-1.4224224853515608
BATCH-PIR-2026-00237,57.24,49.121006,8.118993988037111
BATCH-PIR-2026-00238,45.35,46.302708,-0.9527076721191392
BATCH-PIR-2026-00239,35.35,52.26148,-16.911478424072264
BATCH-PIR-2026-00240,56.21,53.144733,3.0652665710449227
BATCH-PIR-2026-00241,32.75,40.567654,-7.817653656005859
BATCH-PIR-2026-00242,88.56,91.71095,-3.1509527587890602
BATCH-PIR-2026-00243,54.43,43.132668,11.297332458496093
BATCH-PIR-2026-00244,60.92,53.339672,7.580327911376955
BATCH-PIR-2026-00245,47.04,47.617947,-0.5779466247558602
BATCH-PIR-2026-00246,40.39,46.10177,-5.711768493652343
BATCH-PIR-2026-00247,39.37,53.118847,-13.74884689331055
BATCH-PIR-2026-00248,88.42,84.49989,3.920106811523439
BATCH-PIR-2026-00249,40.13,47.727787,-7.597787017822263
BATCH-PIR-2026-00250,62.14,48.558346,13.581654205322266
BATCH-PIR-2026-00251,29.11,42.109818,-12.999817504882813
BATCH-PIR-2026-00252,53.22,42.789803,10.430197448730468
BATCH-PIR-2026-00253,44.84,51.409916,-6.569915924072262
BATCH-PIR-2026-00254,41.81,47.95167,-6.141671600341795
BATCH-PIR-2026-00255,95.0,92.286964,2.7130355834960938
BATCH-PIR-2026-00256,41.72,38.588345,3.1316554260253895
BATCH-PIR-2026-00257,44.24,41.057186,3.1828138732910176
BATCH-PIR-2026-00258,52.96,47.065624,5.894375762939454
BATCH-PIR-2026-00259,29.91,43.156773,-13.24677261352539
BATCH-PIR-2026-00260,50.76,37.494633,13.265367279052732
BATCH-PIR-2026-00261,46.17,56.417084,-10.247083740234373
BATCH-PIR-2026-00262,34.36,45.076687,-10.71668685913086
BATCH-PIR-2026-00263,57.31,44.411682,12.898317871093752
BATCH-PIR-2026-00264,54.62,45.706856,8.913144226074216
BATCH-PIR-2026-00265,40.37,46.161533,-5.791533355712893
BATCH-PIR-2026-00266,95.0,93.70288,1.297119140625
BATCH-PIR-2026-00267,44.66,55.304436,-10.644435729980472
BATCH-PIR-2026-00268,95.0,83.96445,11.035552978515625
BATCH-PIR-2026-00269,54.59,51.998886,2.591113891601566
BATCH-PIR-2026-00270,35.23,45.899094,-10.66909362792969
BATCH-PIR-2026-00271,52.96,46.52584,6.434159240722657
BATCH-PIR-2026-00272,39.83,47.23894,-7.408941192626955
BATCH-PIR-2026-00273,52.25,47.398262,4.851737976074219
BATCH-PIR-2026-00274,57.84,49.29742,8.542579498291019
BATCH-PIR-2026-00275,42.35,50.298275,-7.948274993896483
BATCH-PIR-2026-00276,52.5,51.13866,1.3613395690917969
BATCH-PIR-2026-00277,62.16,54.965073,7.194927368164059
BATCH-PIR-2026-00278,34.04,45.6716,-11.631600341796876
BATCH-PIR-2026-00279,61.39,58.386597,3.0034033203125006
BATCH-PIR-2026-00280,39.23,43.40796,-4.177958984375003
BATCH-PIR-2026-00281,55.31,39.160103,16.14989715576172
BATCH-PIR-2026-00282,46.97,51.63705,-4.6670506286621105
BATCH-PIR-2026-00283,58.21,49.98178,8.228218994140626
BATCH-PIR-2026-00284,78.89,86.30448,-7.414481506347656
BATCH-PIR-2026-00285,30.76,36.149696,-5.389696350097655
BATCH-PIR-2026-00286,40.23,50.655506,-10.425506134033206
BATCH-PIR-2026-00287,50.06,49.03335,1.026648101806643
BATCH-PIR-2026-00288,53.88,46.42547,7.454531555175784
BATCH-PIR-2026-00289,39.6,46.427258,-6.8272575378417955
BATCH-PIR-2026-00290,53.73,45.21699,8.51300857543945
BATCH-PIR-2026-00291,42.21,42.122917,0.0870828247070321
BATCH-PIR-2026-00292,44.25,48.093914,-3.843914031982422
BATCH-PIR-2026-00293,78.64,87.51011,-8.870108947753906
BATCH-PIR-2026-00294,57.52,54.063457,3.4565425109863313
BATCH-PIR-2026-00295,92.38,85.68165,6.698351745605464
BATCH-PIR-2026-00296,94.48,93.56484,0.9151577758789102
BATCH-PIR-2026-00297,35.85,43.682938,-7.832937622070311
BATCH-PIR-2026-00298,44.46,48.42101,-3.9610090637207023
BATCH-PIR-2026-00299,63.3,53.960934,9.339066314697263
BATCH-PIR-2026-00300,41.34,50.73588,-9.395881805419918
BATCH-PIR-2026-00301,53.65,48.10645,5.543550872802733
BATCH-PIR-2026-00302,79.59,84.899025,-5.309024963378903
BATCH-PIR-2026-00303,35.61,36.048126,-0.43812622070312557
BATCH-PIR-2026-00304,40.73,43.83474,-3.104739685058597
BATCH-PIR-2026-00305,64.69,63.307064,1.3829359436035134
BATCH-PIR-2026-00306,58.61,54.43935,4.170649871826171
BATCH-PIR-2026-00307,46.74,45.10493,1.6350691223144551
BATCH-PIR-2026-00308,60.38,54.20822,6.171778564453128
BATCH-PIR-2026-00309,59.93,45.720387,14.209613494873047
BATCH-PIR-2026-00310,57.22,56.650284,0.5697161865234364
BATCH-PIR-2026-00311,51.62,43.45914,8.160859222412107
BATCH-PIR-2026-00312,56.66,61.377247,-4.7172468566894565
BATCH-PIR-2026-00313,32.83,44.236496,-11.40649597167969
BATCH-PIR-2026-00314,52.63,52.27692,0.35307968139648693
BATCH-PIR-2026-00315,34.8,47.665604,-12.865603637695315
BATCH-PIR-2026-00316,95.0,94.15303,0.8469696044921875
BATCH-PIR-2026-00317,45.87,44.189922,1.6800776672363256
BATCH-PIR-2026-00318,52.76,44.933197,7.826802978515623
BATCH-PIR-2026-00319,47.01,49.915955,-2.905954589843752
BATCH-PIR-2026-00320,42.86,48.10979,-5.249790802001954
BATCH-PIR-2026-00321,67.25,65.81521,1.4347915649414062
BATCH-PIR-2026-00322,50.98,46.234062,4.745937805175778
BATCH-PIR-2026-00323,48.53,43.47526,5.054738311767579
BATCH-PIR-2026-00324,75.1,63.5457,11.554299926757807
BATCH-PIR-2026-00325,59.26,37.988373,21.271627197265623
BATCH-PIR-2026-00326,37.61,43.040573,-5.430573120117188
BATCH-PIR-2026-00327,47.86,41.878834,5.981166229248046
BATCH-PIR-2026-00328,31.28,40.6444,-9.364401550292968
BATCH-PIR-2026-00329,64.85,49.3867,15.463300323486322
BATCH-PIR-2026-00330,86.38,87.07464,-0.6946383666992233
BATCH-PIR-2026-00331,46.56,50.82617,-4.266171874999998
BATCH-PIR-2026-00332,88.86,82.81007,6.049933776855468
BATCH-PIR-2026-00333,92.19,90.900215,1.2897848510742165
BATCH-PIR-2026-00334,38.31,39.204548,-0.8945478820800759
BATCH-PIR-2026-00335,56.81,44.863113,11.94688659667969
BATCH-PIR-2026-00336,49.63,48.172386,1.4576138305664088
BATCH-PIR-2026-00337,49.54,41.24096,8.29904083251953
BATCH-PIR-2026-00338,52.22,61.511894,-9.29189422607422
BATCH-PIR-2026-00339,84.39,86.301956,-1.911956176757812
BATCH-PIR-2026-00340,33.26,41.617504,-8.357504119873049
BATCH-PIR-2026-00341,48.55,50.516056,-1.9660560607910185
BATCH-PIR-2026-00342,57.06,45.486916,11.573084411621096
BATCH-PIR-2026-00343,45.62,41.99362,3.6263781738281224
BATCH-PIR-2026-00344,55.29,47.085007,8.204993286132812
BATCH-PIR-2026-00345,52.24,44.989048,7.250951995849611
BATCH-PIR-2026-00346,50.3,46.434437,3.865563201904294
BATCH-PIR-2026-00347,68.9,57.77638,11.123621368408209
BATCH-PIR-2026-00348,41.37,46.759132,-5.389132385253909
BATCH-PIR-2026-00349,51.66,40.290344,11.369655761718747
BATCH-PIR-2026-00350,54.67,47.82439,6.845609588623049
BATCH-PIR-2026-00351,45.44,48.139782,-2.699781951904299
BATCH-PIR-2026-00352,57.57,47.386837,10.183162994384766
BATCH-PIR-2026-00353,39.56,43.045288,-3.4852880859374977
BATCH-PIR-2026-00354,50.28,41.767338,8.512662200927736
BATCH-PIR-2026-00355,56.16,50.665234,5.49476638793945
BATCH-PIR-2026-00356,33.03,45.30476,-12.274759979248046
BATCH-PIR-2026-00357,60.41,43.08659,17.323410186767575
BATCH-PIR-2026-00358,47.42,48.4604,-1.0403996276855452
BATCH-PIR-2026-00359,84.26,83.70006,0.5599420166015676
BATCH-PIR-2026-00360,33.78,41.46573,-7.685728759765624
BATCH-PIR-2026-00361,48.71,45.593815,3.1161851501464852
BATCH-PIR-2026-00362,53.33,42.962177,10.36782272338867
BATCH-PIR-2026-00363,54.3,50.368225,3.931774902343747
BATCH-PIR-2026-00364,43.89,46.883564,-2.9935639953613276
BATCH-PIR-2026-00365,41.9,45.124264,-3.224263763427736
BATCH-PIR-2026-00366,46.81,40.80077,6.009230194091799
BATCH-PIR-2026-00367,50.03,48.365227,1.6647732543945324
BATCH-PIR-2026-00368,50.09,43.29076,6.7992399597168
BATCH-PIR-2026-00369,51.16,50.374744,0.7852555847167935
BATCH-PIR-2026-00370,44.48,45.42031,-0.9403109741210969
BATCH-PIR-2026-00371,42.16,44.382034,-2.222034301757816
BATCH-PIR-2026-00372,45.47,47.36164,-1.8916409301757824
BATCH-PIR-2026-00373,38.78,48.915894,-10.135893554687499
BATCH-PIR-2026-00374,42.71,41.104057,1.605942687988282
BATCH-PIR-2026-00375,34.78,41.069595,-6.289595336914061
BATCH-PIR-2026-00376,50.94,41.32047,9.619531097412107
BATCH-PIR-2026-00377,66.2,53.02167,13.178328704833987
BATCH-PIR-2026-00378,43.82,51.893303,-8.073302917480468
BATCH-PIR-2026-00379,63.12,52.894745,10.225255126953122
BATCH-PIR-2026-00380,45.11,43.422573,1.68742691040039
BATCH-PIR-2026-00381,83.18,90.780624,-7.600624389648431
BATCH-PIR-2026-00382,40.52,39.79413,0.7258715820312531
BATCH-PIR-2026-00383,54.13,58.069386,-3.9393855285644506
BATCH-PIR-2026-00384,52.54,49.024197,3.5158033752441398
BATCH-PIR-2026-00385,43.64,32.776066,10.863934173583985
BATCH-PIR-2026-00386,35.45,45.55106,-10.101059722900388
BATCH-PIR-2026-00387,73.23,73.29485,-0.06485321044921477
BATCH-PIR-2026-00388,44.87,40.52036,4.349640960693357
BATCH-PIR-2026-00389,30.97,46.41732,-15.447320251464845
BATCH-PIR-2026-00390,66.64,53.084896,13.555103912353516
BATCH-PIR-2026-00391,56.22,46.312107,9.907892913818358
BATCH-PIR-2026-00392,64.29,58.524357,5.765643157958991
BATCH-PIR-2026-00393,45.46,46.21692,-0.7569189453124991
BATCH-PIR-2026-00394,63.36,65.47883,-2.118828430175782
BATCH-PIR-2026-00395,40.33,44.42809,-4.098089141845705
BATCH-PIR-2026-00396,46.12,37.989487,8.13051330566406
BATCH-PIR-2026-00397,56.74,42.90498,13.835020294189455
BATCH-PIR-2026-00398,37.69,42.032932,-4.342932281494143
BATCH-PIR-2026-00399,47.77,45.536434,2.2335658264160188
BATCH-PIR-2026-00400,86.72,84.324905,2.3950946044921864
BATCH-PIR-2026-00401,46.54,50.657593,-4.117592773437501
BATCH-PIR-2026-00402,52.31,49.836876,2.4731240844726585
BATCH-PIR-2026-00403,28.94,46.537006,-17.597006378173827
BATCH-PIR-2026-00404,36.96,44.553417,-7.593417205810546
BATCH-PIR-2026-00405,43.89,36.848614,7.041386260986329
BATCH-PIR-2026-00406,64.5,54.206146,10.293853759765625
BATCH-PIR-2026-00407,35.86,46.11236,-10.25235809326172
BATCH-PIR-2026-00408,54.97,59.60105,-4.631051330566407
BATCH-PIR-2026-00409,31.77,45.232906,-13.462906341552735
BATCH-PIR-2026-00410,71.28,70.039314,1.2406857299804699
BATCH-PIR-2026-00411,53.71,47.980434,5.7295655822753915
BATCH-PIR-2026-00412,44.61,43.510647,1.09935317993164
BATCH-PIR-2026-00413,50.74,52.138752,-1.3987519836425761
BATCH-PIR-2026-00414,56.95,48.902775,8.047225189208987
BATCH-PIR-2026-00415,45.17,44.39411,0.7758883666992205
BATCH-PIR-2026-00416,84.36,86.25072,-1.890717163085938
BATCH-PIR-2026-00417,60.48,69.91061,-9.430606384277347
BATCH-PIR-2026-00418,64.21,61.002403,3.20759674072265
BATCH-PIR-2026-00419,44.82,43.688126,1.1318743896484378
BATCH-PIR-2026-00420,41.03,45.646168,-4.616167755126952
BATCH-PIR-2026-00421,41.02,44.156364,-3.1363644409179656
BATCH-PIR-2026-00422,59.72,59.37834,0.34165832519531136
BATCH-PIR-2026-00423,93.61,88.881966,4.728034362792968
BATCH-PIR-2026-00424,56.26,51.25793,5.002069244384764
BATCH-PIR-2026-00425,81.05,83.160706,-2.110705566406253
BATCH-PIR-2026-00426,67.21,56.724743,10.485257110595697
BATCH-PIR-2026-00427,60.52,47.286133,13.233867187500003
BATCH-PIR-2026-00428,40.84,48.914864,-8.074863586425778
BATCH-PIR-2026-00429,40.25,48.473248,-8.223247528076172
BATCH-PIR-2026-00430,42.16,45.660816,-3.5008161926269565
BATCH-PIR-2026-00431,53.79,45.30305,8.486949005126952
BATCH-PIR-2026-00432,46.05,45.058773,0.9912269592285128
BATCH-PIR-2026-00433,39.77,48.630314,-8.860313873291012
BATCH-PIR-2026-00434,39.97,43.662926,-3.692925720214845
BATCH-PIR-2026-00435,47.62,46.876343,0.7436572265624974
BATCH-PIR-2026-00436,43.36,46.03106,-2.6710592651367193
BATCH-PIR-2026-00437,64.02,57.868282,6.151717681884762
BATCH-PIR-2026-00438,54.3,45.594246,8.705754089355466
BATCH-PIR-2026-00439,60.05,62.548344,-2.4983436584472685
BATCH-PIR-2026-00440,34.67,49.433697,-14.76369674682617
BATCH-PIR-2026-00441,35.58,44.518433,-8.938432617187502
BATCH-PIR-2026-00442,49.35,47.375652,1.9743476867675795
BATCH-PIR-2026-00443,37.4,42.495995,-5.095994567871095
BATCH-PIR-2026-00444,36.95,49.085033,-12.135033416748044
BATCH-PIR-2026-00445,48.35,52.301193,-3.951193237304686
BATCH-PIR-2026-00446,59.97,56.12218,3.8478190612792957
BATCH-PIR-2026-00447,95.0,93.033745,1.9662551879882812
BATCH-PIR-2026-00448,52.12,61.659657,-9.539656524658206
BATCH-PIR-2026-00449,62.42,49.33004,13.089960021972658
BATCH-PIR-2026-00450,61.98,67.5017,-5.521701354980472
BATCH-PIR-2026-00451,48.89,49.72165,-0.8316491699218744
BATCH-PIR-2026-00452,45.38,45.95824,-0.5782405090332006
BATCH-PIR-2026-00453,50.43,45.149666,5.2803341674804685
BATCH-PIR-2026-00454,47.06,48.444016,-1.3840155029296852
BATCH-PIR-2026-00455,50.61,48.118443,2.491557464599609
BATCH-PIR-2026-00456,42.48,47.307926,-4.827926177978519
BATCH-PIR-2026-00457,50.66,52.34543,-1.6854284667968784
BATCH-PIR-2026-00458,42.68,41.186485,1.493514709472656
BATCH-PIR-2026-00459,64.78,54.746277,10.033723144531251
BATCH-PIR-2026-00460,54.44,50.66829,3.7717108154296852
BATCH-PIR-2026-00461,62.47,56.866737,5.603262634277343
BATCH-PIR-2026-00462,48.01,47.309067,0.7009332275390605
BATCH-PIR-2026-00463,42.99,49.474037,-6.484037170410154
BATCH-PIR-2026-00464,56.09,53.482716,2.6072843933105503
BATCH-PIR-2026-00465,45.46,44.919632,0.5403680419921884
BATCH-PIR-2026-00466,68.04,59.02526,9.014739074707038
BATCH-PIR-2026-00467,50.76,46.197075,4.562925109863279
BATCH-PIR-2026-00468,67.69,56.562916,11.127084197998045
BATCH-PIR-2026-00469,53.45,49.006622,4.443377685546878
BATCH-PIR-2026-00470,44.15,47.019386,-2.8693862915039077
BATCH-PIR-2026-00471,48.89,42.721096,6.168903961181641
BATCH-PIR-2026-00472,49.05,43.913708,5.1362922668457
BATCH-PIR-2026-00473,56.09,61.349052,-5.259052429199215
BATCH-PIR-2026-00474,56.16,57.886177,-1.7261770629882847
BATCH-PIR-2026-00475,49.18,50.711483,-1.5314830017089847
BATCH-PIR-2026-00476,46.45,46.868713,-0.41871337890624716
BATCH-PIR-2026-00477,39.26,44.44219,-5.182188262939455
BATCH-PIR-2026-00478,59.22,62.455738,-3.2357380676269543
BATCH-PIR-2026-00479,48.69,51.616913,-2.9269128417968773
BATCH-PIR-2026-00480,39.19,40.97128,-1.7812791442871116
BATCH-PIR-2026-00481,55.14,64.89568,-9.755683288574218
BATCH-PIR-2026-00482,53.72,47.41948,6.300520629882811
BATCH-PIR-2026-00483,90.12,87.18979,2.9302111816406295
BATCH-PIR-2026-00484,59.57,43.618286,15.9517138671875
BATCH-PIR-2026-00485,95.0,92.41021,2.5897903442382812
BATCH-PIR-2026-00486,61.56,50.872417,10.68758255004883
BATCH-PIR-2026-00487,54.55,54.637135,-0.08713455200195597
BATCH-PIR-2026-00488,44.26,54.24782,-9.98782180786133
BATCH-PIR-2026-00489,82.53,87.39619,-4.86618682861328
BATCH-PIR-2026-00490,65.05,64.020546,1.029454040527341
BATCH-PIR-2026-00491,28.77,43.107323,-14.337322692871094
BATCH-PIR-2026-00492,53.24,47.562027,5.6779730224609395
BATCH-PIR-2026-00493,42.54,43.96446,-1.4244584655761727
BATCH-PIR-2026-00494,44.13,46.29835,-2.1683512878417943
BATCH-PIR-2026-00495,38.73,46.58574,-7.855739135742191
BATCH-PIR-2026-00496,57.9,52.89996,5.000040435791014
BATCH-PIR-2026-00497,46.34,51.795395,-5.455394897460934
BATCH-PIR-2026-00498,60.55,52.650253,7.89974670410156
BATCH-PIR-2026-00499,32.86,50.360004,-17.50000442504883
BATCH-PIR-2026-00500,36.4,36.200222,0.1997779846191392
BATCH-PIR-2026-00501,56.24,61.362656,-5.1226556396484355
BATCH-PIR-2026-00502,60.67,48.294113,12.375886840820314
BATCH-PIR-2026-00503,50.51,41.284576,9.225423583984373
BATCH-PIR-2026-00504,42.76,47.88848,-5.128481140136721
BATCH-PIR-2026-00505,70.75,55.934338,14.815662384033203
BATCH-PIR-2026-00506,59.11,60.822178,-1.7121778869628912
BATCH-PIR-2026-00507,43.52,42.794636,0.725364227294925
BATCH-PIR-2026-00508,47.88,49.78262,-1.9026194763183568
BATCH-PIR-2026-00509,52.63,54.154858,-1.5248576354980443
BATCH-PIR-2026-00510,60.59,48.50418,12.085819091796878
BATCH-PIR-2026-00511,94.9,89.03307,5.866926574707037
BATCH-PIR-2026-00512,43.55,54.11831,-10.568309020996097
BATCH-PIR-2026-00513,90.3,86.0894,4.21059875488281
BATCH-PIR-2026-00514,38.32,49.730576,-11.410575561523437
BATCH-PIR-2026-00515,57.05,50.9736,6.076401519775388
BATCH-PIR-2026-00516,32.01,46.487244,-14.477243652343752
BATCH-PIR-2026-00517,91.55,83.818634,7.731365966796872
BATCH-PIR-2026-00518,47.45,50.046043,-2.596043395996091
